date,open,high,low,close,volume
2023-11-29,6.11,6.15,5.99,6.07,60150.0
2023-11-30,6.12,6.13,5.98,6.06,22709.0
2023-12-01,6.07,6.22,6.04,6.11,87966.0
2023-12-04,6.09,6.15,6.015,6.05,47629.0
2023-12-05,6.1,6.22,6.02,6.07,97641.0
2023-12-06,6.1,6.14,6.04,6.11,28068.0
2023-12-07,6.08,6.15,6.03,6.12,31379.0
2023-12-08,6.14,6.14,6.08,6.09,35956.0
2023-12-11,6.14,6.15,6.03,6.09,47672.0
2023-12-12,6.08,6.22,6.02,6.08,73238.0
2023-12-13,6.12,6.23,6.0501,6.14,60986.0
2023-12-14,6.14,6.38,6.12,6.17,109430.0
2023-12-15,6.13,6.36,6.13,6.25,69557.0
2023-12-18,6.26,6.39,6.26,6.35,26819.0
2023-12-19,6.35,6.44,6.19,6.27,30074.0
2023-12-20,6.34,6.34,6.09,6.15,51586.0
2023-12-21,6.17,6.33,6.04,6.14,57954.0
2023-12-22,6.14,6.21,6.09,6.19,29297.0
2023-12-26,6.19,6.24,6.08,6.14,40267.0
2023-12-27,6.18,6.23,6.11,6.21,11898.0
2023-12-28,6.24,6.3,6.12,6.18,25959.0
2023-12-29,6.22,6.26,6.14,6.23,15884.0
2024-01-02,6.18,6.26,6.16,6.24,24302.0
2024-01-03,6.23,6.29,6.08,6.21,27342.0
2024-01-04,6.2,6.26,6.12,6.19,62315.0
2024-01-05,6.19,6.29,6.01,6.1,115219.0
2024-01-08,6.07,6.19,6.04,6.18,40076.0
2024-01-09,6.17,6.35,6.16,6.22,63765.0
2024-01-10,6.27,6.47,6.26,6.44,116828.0
2024-01-11,6.5,6.5,6.2799,6.39,45201.0
2024-01-12,6.37,6.43,6.28,6.39,15697.0
2024-01-16,6.35,6.58,6.35,6.48,40662.0
2024-01-17,6.46,6.48,6.36,6.43,23328.0
2024-01-18,6.45,6.54,6.425,6.51,29887.0
2024-01-19,6.53,6.59,6.51,6.58,36734.0
2024-01-22,6.65,6.65,6.5577,6.65,13515.0
2024-01-23,6.6,6.73,6.5501,6.73,20616.0
2024-01-24,6.75,6.85,6.7372,6.77,19048.0
2024-01-25,6.81,6.85,6.66,6.85,66030.0
2024-01-26,6.796,6.99,6.796,6.98,29848.0
2024-01-29,7.01,7.1,6.98,7.09,35441.0
2024-01-30,7.1,7.27,7.07,7.23,79273.0
2024-01-31,7.24,7.35,7.22,7.33,29910.0
2024-02-01,7.21,7.343,7.2,7.24,30260.0
2024-02-02,7.27,7.27,7.0778,7.21,28988.0
2024-02-05,7.12,7.27,7.11,7.22,27449.0
2024-02-06,7.27,7.33,7.215,7.33,33901.0
2024-02-07,7.37,7.4,7.22,7.3,17042.0
2024-02-08,7.23,7.37,7.23,7.34,32356.0
2024-02-09,7.3,7.37,7.27,7.34,25655.0
2024-02-12,7.37,7.54,7.335,7.52,56734.0
2024-02-13,7.51,7.51,7.35,7.42,30748.0
2024-02-14,7.4,7.47,7.4,7.47,21672.0
2024-02-15,7.47,7.57,7.42,7.55,41942.0
2024-02-16,7.59,7.67,7.54,7.58,42646.0
2024-02-20,7.61,7.67,7.54,7.65,67206.0
2024-02-21,7.67,7.67,7.59,7.65,21940.0
2024-02-22,7.67,7.82,7.65,7.77,35200.0
2024-02-23,7.7,7.77,7.63,7.75,24874.0
2024-02-26,7.76,7.84,7.69,7.76,75575.0
2024-02-27,7.76,7.79,7.63,7.77,77258.0
2024-02-28,7.82,7.82,7.67,7.8,31376.0
2024-02-29,7.86,7.94,7.8001,7.9,33307.0
2024-03-01,7.94,8.0,7.69,7.93,30285.0
2024-03-04,7.93,7.93,7.69,7.85,19593.0
2024-03-05,7.72,7.7285,7.55,7.63,28383.0
2024-03-06,7.65,7.71,7.45,7.56,19636.0
2024-03-07,7.62,7.63,7.47,7.57,21581.0
2024-03-08,7.53,7.64,7.42,7.55,35077.0
2024-03-11,7.55,7.6,7.46,7.55,14667.0
2024-03-12,7.46,7.56,7.4,7.51,9549.0
2024-03-13,7.5,7.57,7.27,7.43,43313.0
2024-03-14,7.44,7.48,7.32,7.46,9434.0
2024-03-15,7.36,7.44,7.18,7.39,40444.0
2024-03-18,7.34,7.48,7.321,7.35,4816.0
2024-03-19,7.29,7.53,7.29,7.4,28161.0
2024-03-20,7.27,7.397,7.27,7.39,11881.0
2024-03-21,7.4,7.6,7.3401,7.53,6725.0
2024-03-22,7.46,7.62,7.46,7.58,7949.0
2024-03-25,7.6,7.79,7.501,7.78,36409.0
2024-03-26,7.72,7.83,7.7,7.74,4744.0
2024-03-27,7.78,7.79,7.648,7.79,4805.0
2024-03-28,7.8,7.94,7.755,7.82,35319.0
2024-04-01,7.74,7.84,7.6111,7.69,21322.0
2024-04-02,7.65,7.65,7.5446,7.65,8655.0
2024-04-03,7.66,7.68,7.45,7.64,18022.0
2024-04-04,7.67,7.73,7.31,7.49,38414.0
2024-04-05,7.49,7.6181,7.34,7.48,16780.0
2024-04-08,7.43,7.52,7.3,7.34,14334.0
2024-04-09,7.36,7.39,7.16,7.27,9923.0
2024-04-10,7.19,7.24,7.04,7.11,20921.0
2024-04-11,7.06,7.28,6.97,7.17,36356.0
2024-04-12,7.01,7.2,7.01,7.12,4377.0
2024-04-15,7.1,7.12,6.931,7.08,30043.0
2024-04-16,7.04,7.23,7.04,7.09,8117.0
2024-04-17,7.06,7.16,7.05,7.06,8009.0
2024-04-18,7.1,7.1997,7.01,7.1,18246.0
2024-04-19,7.1,7.22,6.99,7.16,25814.0
2024-04-22,7.21,7.23,7.02,7.08,29175.0
2024-04-23,6.95,7.16,6.95,7.13,9412.0
2024-04-24,7.22,7.22,7.09,7.1,5903.0
2024-04-25,7.13,7.13,6.9704,7.11,5070.0
2024-04-26,7.19,7.38,7.15,7.24,52338.0
2024-04-29,7.25,7.49,7.2,7.24,29971.0
2024-04-30,7.19,7.29,7.115,7.19,33185.0
2024-05-01,7.19,7.25,7.07,7.21,28745.0
2024-05-02,7.32,7.32,7.0627,7.21,24597.0
2024-05-03,7.26,7.36,7.21,7.25,48569.0
2024-05-06,7.36,7.36,7.195,7.23,26878.0
2024-05-07,7.25,7.32,7.22,7.25,11885.0
2024-05-08,7.21,7.36,7.06,7.3,103186.0
2024-05-09,7.36,7.48,7.3391,7.35,25318.0
2024-05-10,7.35,7.4199,7.33,7.38,13165.0
2024-05-13,7.47,7.49,7.34,7.39,10220.0
2024-05-14,7.43,7.44,7.36,7.37,13406.0
2024-05-15,7.44,7.5,7.4,7.42,31959.0
2024-05-16,7.49,7.56,7.4,7.49,26724.0
2024-05-17,7.475,7.55,7.39,7.45,43046.0
2024-05-20,7.46,7.49,7.37,7.4,11198.0
2024-05-21,7.45,7.45,7.25,7.27,50193.0
2024-05-22,7.25,7.3398,7.15,7.21,40677.0
2024-05-23,7.17,7.26,7.13,7.25,60704.0
2024-05-24,7.25,7.39,7.25,7.38,31053.0
2024-05-28,7.09,7.38,7.09,7.33,19119.0
2024-05-29,7.34,7.52,7.24,7.24,38083.0
2024-05-30,7.32,7.44,7.31,7.34,35055.0
2024-05-31,7.48,7.52,7.44,7.52,24715.0
2024-06-03,7.43,7.69,7.43,7.54,20076.0
2024-06-04,7.61,7.65,7.61,7.63,7359.0
2024-06-05,7.64,7.77,7.635,7.7,31138.0
2024-06-06,7.77,7.77,7.66,7.75,5379.0
2024-06-07,7.7347,7.75,7.64,7.66,4229.0
2024-06-10,7.66,7.75,7.5201,7.55,21548.0
2024-06-11,7.55,7.66,7.4,7.5,16303.0
2024-06-12,7.59,7.663,7.5,7.51,48454.0
2024-06-13,7.6,7.6,7.4,7.47,45472.0
2024-06-14,7.5,7.57,7.41,7.51,9300.0
2024-06-17,7.54,7.55,7.45,7.54,5995.0
2024-06-18,7.56,7.56,7.44,7.5,53429.0
2024-06-20,7.51,7.53,7.41,7.5,5387.0
2024-06-21,7.5,7.55,7.45,7.5,8408.0
2024-06-24,7.45,7.7,7.45,7.67,46620.0
2024-06-25,7.71,7.8963,7.66,7.82,79124.0
2024-06-26,7.85,7.97,7.81,7.95,41629.0
2024-06-27,7.98,8.05,7.95,7.96,34374.0
2024-06-28,8.02,8.1,7.96,8.07,31941.0
2024-07-01,8.1,8.18,8.06,8.13,108438.0
2024-07-02,8.0832,8.13,7.98,8.06,34476.0
2024-07-03,8.09,8.09,7.98,7.99,10898.0
2024-07-05,8.0,8.15,7.96,8.11,60996.0
2024-07-08,8.11,8.19,8.1,8.19,20163.0
2024-07-09,8.23,8.24,8.1201,8.2,30971.0
2024-07-10,8.23,8.35,8.18,8.35,90202.0
2024-07-11,8.35,8.5,8.35,8.46,144878.0
2024-07-12,8.41,8.48,8.37,8.4,91059.0
2024-07-15,8.36,8.48,8.33,8.48,105560.0
2024-07-16,8.49,8.55,8.37,8.44,35464.0
2024-07-17,8.36,8.42,8.36,8.42,104108.0
2024-07-18,8.49,8.49,8.4,8.43,58309.0
2024-07-19,8.43,8.485,8.35,8.41,28519.0
2024-07-22,8.48,8.55,8.25,8.36,45500.0
2024-07-23,8.39,8.41,8.32,8.36,47950.0
2024-07-24,8.35,8.4,8.31,8.35,86376.0
2024-07-25,8.38,8.4,8.37,8.4,32212.0
2024-07-26,8.41,8.51,8.41,8.43,28383.0
2024-07-29,8.43,8.56,8.41,8.44,40514.0
2024-07-30,8.43,8.47,8.3483,8.38,34695.0
2024-07-31,8.39,8.43,8.35,8.39,29044.0
2024-08-01,8.43,8.43,8.31,8.31,38017.0
2024-08-02,8.3,8.3535,8.23,8.29,17341.0
2024-08-05,8.2,8.2,8.031,8.05,24224.0
2024-08-06,8.13,8.15,8.06,8.11,32348.0
2024-08-07,8.14,8.3475,7.88,7.94,111390.0
2024-08-08,8.01,8.14,8.01,8.14,14033.0
2024-08-09,8.15,8.195,8.02,8.06,16132.0
2024-08-12,8.05,8.1,8.03,8.1,4648.0
2024-08-13,8.11,8.29,8.11,8.24,15781.0
2024-08-14,8.2,8.23,8.11,8.22,8083.0
2024-08-15,8.23,8.23,8.02,8.16,30905.0
2024-08-16,8.1,8.17,8.05,8.12,5393.0
2024-08-19,8.1,8.2,8.06,8.2,29939.0
2024-08-20,8.27,8.3,8.15,8.29,28196.0
2024-08-21,8.25,8.37,8.13,8.2,30061.0
2024-08-22,8.2,8.39,8.18,8.23,14586.0
2024-08-23,8.25,8.44,8.25,8.27,28161.0
2024-08-26,8.41,8.41,8.1,8.25,39289.0
2024-08-27,8.18,8.37,8.18,8.21,12995.0
2024-08-28,8.21,8.25,8.2,8.25,9865.0
2024-08-29,8.25,8.3,8.175,8.29,15344.0
2024-08-30,8.33,8.3937,8.25,8.37,10956.0
2024-09-03,8.37,8.39,8.3082,8.35,4894.0
2024-09-04,8.26,8.38,8.25,8.35,16453.0
2024-09-05,8.39,8.4,8.11,8.35,36078.0
2024-09-06,8.42,8.42,8.1936,8.23,35705.0
2024-09-09,8.27,8.37,8.27,8.37,5329.0
2024-09-10,8.365,8.42,8.365,8.42,6437.0
2024-09-11,8.44,8.44,8.34,8.4,24946.0
2024-09-12,8.42,8.58,8.26,8.41,35834.0
2024-09-13,8.44,8.46,8.3961,8.44,10268.0
2024-09-16,8.4385,8.4984,8.4385,8.48,8906.0
2024-09-17,8.5,8.5,8.35,8.45,16822.0
2024-09-18,8.48,8.48,8.42,8.46,10160.0
2024-09-19,8.47,8.58,8.47,8.56,23529.0
2024-09-20,8.7399,8.7399,8.5501,8.6,11077.0
2024-09-23,8.67,8.68,8.5951,8.68,4297.0
2024-09-24,8.665,8.7,8.56,8.67,11099.0
2024-09-25,8.66,8.67,8.6,8.6,4416.0
2024-09-26,8.65,8.67,8.6,8.65,4243.0
2024-09-27,8.65,8.69,8.6094,8.69,803.0
2024-09-30,8.68,8.69,8.62,8.67,12846.0
2024-10-01,8.635,8.69,8.635,8.66,5250.0
2024-10-02,8.65,8.66,8.5,8.65,10118.0
2024-10-03,8.65,8.66,8.61,8.65,18044.0
2024-10-04,8.56,8.66,8.56,8.65,18592.0
2024-10-07,8.6,8.6,8.565,8.58,2291.0
2024-10-08,8.6,8.65,8.5112,8.6,15338.0
2024-10-09,8.64,8.69,8.6344,8.68,10114.0
2024-10-10,8.69,8.69,8.57,8.6,11338.0
2024-10-11,8.46,8.69,8.46,8.69,18542.0
2024-10-14,8.69,8.77,8.68,8.77,12405.0
2024-10-15,8.74,8.77,8.74,8.75,4941.0
2024-10-16,8.75,8.85,8.75,8.84,20309.0
2024-10-17,8.85,8.85,8.75,8.84,3226.0
2024-10-18,8.85,8.85,8.8,8.83,7775.0
2024-10-21,8.83,8.98,8.83,8.88,28547.0
2024-10-22,8.83,8.91,8.82,8.88,9899.0
2024-10-23,8.81,8.89,8.755,8.8,10569.0
2024-10-24,8.8,8.8921,8.8,8.85,21021.0
2024-10-25,8.8,8.91,8.71,8.76,23121.0
2024-10-28,8.75,8.75,8.6714,8.74,13574.0
2024-10-29,8.745,8.79,8.54,8.65,44819.0
2024-10-30,8.65,8.7,8.62,8.66,4189.0
2024-10-31,8.645,8.69,8.645,8.69,380.0
2024-11-01,8.7,8.7,8.6001,8.7,1261.0
2024-11-04,8.6883,8.6883,8.6,8.66,17212.0
2024-11-05,8.68,8.7,8.59,8.66,34338.0
2024-11-06,8.68,8.8,8.68,8.79,23180.0
2024-11-07,8.8,8.97,8.775,8.91,16366.0
2024-11-08,8.93,8.99,8.876,8.9419,5294.0
2024-11-11,8.94,9.0,8.938,8.96,14720.0
2024-11-12,8.99,8.99,8.85,8.94,1988.0
2024-11-13,8.99,9.0,8.84,8.89,13912.0
2024-11-14,8.96,8.97,8.8507,8.91,1436.0
2024-11-15,8.9685,8.97,8.71,8.78,14282.0
2024-11-18,8.78,8.84,8.71,8.83,3248.0
2024-11-19,8.83,8.83,8.7,8.81,2630.0
2024-11-20,8.8,8.82,8.62,8.77,23713.0
2024-11-21,8.75,8.82,8.73,8.76,10122.0
2024-11-22,8.76,8.91,8.76,8.91,13492.0
2024-11-25,9.0,9.0,8.8886,8.97,13855.0
2024-11-26,9.0,9.0,8.9,8.97,6546.0
2024-11-27,9.0,9.0,8.85,8.95,9196.0
2024-11-29,8.98,8.99,8.9,8.95,8629.0
2024-12-02,9.0,9.0,8.925,8.99,11719.0
2024-12-03,8.99,9.06,8.92,9.03,32497.0
2024-12-04,9.1,9.16,9.05,9.09,6522.0
2024-12-05,9.01,9.1,9.01,9.1,5429.0
2024-12-06,9.1,9.1,8.9,9.07,15117.0
2024-12-09,9.05,9.0811,9.0,9.06,6895.0
2024-12-10,9.05,9.06,8.85,8.93,12399.0
2024-12-11,8.93,8.9799,8.915,8.93,9294.0
2024-12-12,8.93,9.0,8.853,8.91,37610.0
2024-12-13,8.91,8.96,8.86,8.95,21886.0
2024-12-16,8.95,8.97,8.9008,8.96,3143.0
2024-12-17,8.92,8.96,8.7604,8.83,35822.0
2024-12-18,8.83,8.93,8.51,8.64,48034.0
2024-12-19,8.72,8.79,8.53,8.67,33220.0
2024-12-20,8.48,8.55,8.35,8.46,13845.0
2024-12-23,8.41,8.5,8.4,8.5,15221.0
2024-12-24,8.45,8.5,8.35,8.47,19509.0
2024-12-26,8.4199,8.48,8.4,8.48,31343.0
2024-12-27,8.5,8.5,8.32,8.47,91306.0
2024-12-30,8.4,8.5,8.36,8.5,69164.0
2024-12-31,8.5,8.52,8.43,8.46,55749.0
2025-01-02,8.51,8.51,8.45,8.51,15202.0
2025-01-03,8.54,8.57,8.4,8.55,14759.0
2025-01-06,8.57,8.58,8.47,8.52,13055.0
2025-01-07,8.51,8.58,8.425,8.5,19725.0
2025-01-08,8.5,8.52,8.43,8.48,20562.0
2025-01-10,8.36,8.46,8.35,8.43,67093.0
2025-01-13,8.45,8.5,8.4,8.5,18267.0
2025-01-14,8.51,8.55,8.45,8.54,82839.0
2025-01-15,8.57,8.64,8.46,8.5,22781.0
2025-01-16,8.51,8.57,8.45,8.53,15887.0
2025-01-17,8.57,8.64,8.51,8.59,45493.0
2025-01-21,8.54,8.64,8.54,8.61,23118.0
2025-01-22,8.6,8.67,8.59,8.61,20621.0
2025-01-23,8.64,8.65,8.411,8.61,14082.0
2025-01-24,8.61,8.66,8.5825,8.6,12198.0
2025-01-27,8.66,8.69,8.5872,8.64,3040.0
2025-01-28,8.64,8.67,8.6,8.64,24430.0
2025-01-29,8.66,8.7876,8.6,8.73,65443.0
2025-01-30,8.74,8.9199,8.66,8.73,62255.0
2025-01-31,8.73,8.78,8.61,8.66,33133.0
2025-02-03,8.602,8.67,8.55,8.67,15540.0
2025-02-04,8.67,8.7,8.62,8.64,34976.0
2025-02-05,8.69,8.71,8.63,8.71,3346.0
2025-02-06,8.75,8.76,8.71,8.74,7230.0
2025-02-07,8.67,8.7,8.57,8.66,18713.0
2025-02-10,8.7,8.7,8.5,8.55,8477.0
2025-02-11,8.55,8.55,8.46,8.5,29809.0
2025-02-12,8.5,8.58,8.47,8.51,7702.0
2025-02-13,8.55,8.58,8.54,8.56,5939.0
2025-02-14,8.62,8.66,8.51,8.56,15547.0
2025-02-18,8.6,8.71,8.581,8.71,43903.0
2025-02-19,8.65,8.78,8.65,8.76,16043.0
2025-02-20,8.75,8.75,8.5,8.67,69206.0
2025-02-21,8.6584,8.73,8.5,8.55,14702.0
2025-02-24,8.55,8.6,8.4512,8.52,15612.0
2025-02-25,8.48,8.48,8.35,8.38,20644.0
2025-02-26,8.42,8.85,8.4103,8.71,127457.0
2025-02-27,8.72,8.91,8.72,8.8,139825.0
2025-02-28,8.79,8.85,8.79,8.8,28982.0
2025-03-03,8.75,8.87,8.65,8.69,72986.0
2025-03-04,8.68,8.735,8.62,8.7,30282.0
2025-03-05,8.7,8.82,8.65,8.81,37740.0
2025-03-06,8.75,8.8,8.6,8.68,12259.0
2025-03-07,8.65,8.72,8.6101,8.66,12504.0
2025-03-10,8.65,8.72,8.45,8.49,38282.0
2025-03-11,8.5,8.56,8.4299,8.49,10280.0
2025-03-12,8.55,8.56,8.475,8.54,30239.0
2025-03-13,8.55,8.58,8.5001,8.58,14609.0
2025-03-14,8.57,8.665,8.5501,8.61,2931.0
2025-03-17,8.55,8.61,8.55,8.61,28787.0
2025-03-18,8.61,8.61,8.56,8.58,5696.0
2025-03-19,8.58,8.6,8.5,8.56,18896.0
2025-03-20,8.48,8.59,8.48,8.56,3381.0
2025-03-21,8.55,8.58,8.535,8.58,1821.0
2025-03-24,8.62,8.65,8.59,8.59,17864.0
2025-03-25,8.6,8.65,8.58,8.58,46482.0
2025-03-26,8.56,8.62,8.56,8.58,2988.0
2025-03-27,8.6,8.6279,8.536,8.58,6682.0
2025-03-28,8.63,8.63,8.5101,8.53,9701.0
2025-03-31,8.5,8.5,8.43,8.48,9563.0
2025-04-01,8.47,8.47,8.3609,8.42,18269.0
2025-04-02,8.4,8.5,8.36,8.39,10628.0
2025-04-03,8.27,8.42,8.13,8.18,19569.0
2025-04-04,8.06,8.13,7.7,7.8,13699.0
2025-04-07,7.7,7.91,7.24,7.38,76207.0
2025-04-08,7.41,7.65,7.17,7.35,11725.0
2025-04-09,7.4,8.07,7.4,8.07,29631.0
2025-04-10,7.75,7.85,7.6,7.81,2248.0
2025-04-11,7.8,7.9,7.7017,7.9,52798.0
2025-04-14,7.95,7.97,7.66,7.78,13060.0
2025-04-15,7.75,7.95,7.75,7.95,25548.0
2025-04-16,7.85,8.0896,7.85,8.05,12463.0
2025-04-17,8.0378,8.04,7.71,8.03,14680.0
2025-04-21,8.03,8.05,7.8281,7.87,4053.0
2025-04-22,7.85,8.04,7.85,7.99,20365.0
2025-04-23,8.08,8.1,7.95,7.99,9229.0
2025-04-24,7.9,8.22,7.9,8.22,30514.0
2025-04-25,8.295,8.4,8.11,8.2499,25998.0
2025-04-28,8.17,8.45,8.17,8.39,48454.0
2025-04-29,8.4,8.44,8.32,8.43,15030.0
2025-04-30,8.43,8.49,8.34,8.4,24262.0
2025-05-01,8.36,8.625,8.33,8.48,52430.0
2025-05-02,8.45,8.58,8.4,8.46,39442.0
2025-05-05,8.32,8.44,8.28,8.35,7813.0
2025-05-06,8.25,8.35,8.25,8.34,7696.0
2025-05-07,8.28,8.539,8.28,8.41,10419.0
2025-05-08,8.53,8.53,8.4,8.46,23073.0
2025-05-09,8.5,8.5,8.4,8.43,27349.0
2025-05-12,8.45,8.59,8.45,8.48,63426.0
2025-05-13,8.56,8.61,8.4982,8.61,27428.0
2025-05-14,8.67,8.7,8.5948,8.62,10574.0
2025-05-15,8.6,8.77,8.6,8.64,58323.0
2025-05-16,8.84,8.89,8.75,8.79,39229.0
2025-05-19,8.7,8.94,8.7,8.89,77470.0
2025-05-20,8.98,9.12,8.89,9.04,53082.0
2025-05-21,8.95,9.04,8.85,8.96,94579.0
2025-05-22,8.88,8.9621,8.875,8.88,19664.0
2025-05-23,8.8,9.0,8.7786,8.99,63377.0
2025-05-27,8.98,9.06,8.89,8.94,39937.0
2025-05-28,8.82,8.92,8.82,8.85,32564.0
2025-05-29,8.95,8.97,8.82,8.84,31143.0
2025-05-30,8.82,8.99,8.75,8.78,44687.0
2025-06-02,8.87,8.87,8.635,8.71,27166.0
2025-06-03,8.7993,8.9467,8.6019,8.7,6770.0
2025-06-04,8.66,8.97,8.66,8.75,6729.0
2025-06-05,8.86,8.87,8.625,8.68,46556.0
2025-06-06,8.74,8.88,8.6,8.7,5192.0
2025-06-09,8.79,8.83,8.62,8.62,12163.0
2025-06-10,8.6,8.75,8.6,8.68,11599.0
2025-06-11,8.68,8.77,8.68,8.7299,8323.0
2025-06-12,8.79,8.79,8.6801,8.7,4798.0
2025-06-13,8.7,8.8,8.64,8.67,5228.0
2025-06-16,8.58,8.66,8.57,8.65,32662.0
2025-06-17,8.65,8.65,8.51,8.65,7325.0
2025-06-18,8.63,8.63,8.5118,8.58,18493.0
2025-06-20,8.62,8.63,8.5846,8.62,9971.0
2025-06-23,8.714,8.7799,8.58,8.6733,19723.0
2025-06-24,8.74,8.74,8.6101,8.65,5694.0
2025-06-25,8.75,8.75,8.6699,8.67,1448.0
2025-06-26,8.62,8.7,8.62,8.69,1291.0
2025-06-27,8.68,8.7,8.66,8.7,7521.0
2025-06-30,8.75,8.76,8.655,8.75,9103.0
2025-07-01,8.78,8.8,8.66,8.7,13710.0
2025-07-02,8.7,8.7,8.59,8.69,11292.0
2025-07-03,8.68,8.75,8.68,8.75,3502.0
2025-07-07,8.7,8.79,8.58,8.66,41193.0
2025-07-08,8.71,8.78,8.65,8.69,4430.0
2025-07-09,8.7,8.75,8.6601,8.68,3027.0
2025-07-10,8.77,8.77,8.68,8.68,7431.0
2025-07-11,8.635,8.64,8.62,8.62,12348.0
2025-07-14,8.62,8.75,8.58,8.74,40884.0
2025-07-15,8.78,8.79,8.7192,8.75,8647.0
2025-07-16,8.78,8.7893,8.63,8.74,38267.0
2025-07-17,8.79,8.79,8.68,8.75,10996.0
2025-07-18,8.69,8.69,8.6,8.65,8893.0
2025-07-21,8.71,8.71,8.5601,8.64,41108.0
2025-07-22,8.62,8.62,8.54,8.61,17964.0
2025-07-23,8.62,8.62,8.49,8.52,60047.0
2025-07-24,8.56,8.5765,8.435,8.48,37775.0
2025-07-25,8.54,8.54,8.47,8.53,12579.0
2025-07-28,8.53,8.6,8.5,8.59,115512.0
2025-07-29,8.61,8.64,8.58,8.62,79988.0
2025-07-30,8.62,8.69,8.62,8.68,9126.0
2025-07-31,8.71,8.8,8.68,8.74,74279.0
2025-08-01,8.8,8.8,8.7,8.71,34238.0
2025-08-04,8.83,8.9,8.77,8.78,72128.0
2025-08-05,8.77,8.85,8.72,8.74,33238.0
2025-08-06,8.74,8.8899,8.73,8.74,45339.0
2025-08-07,8.74,8.84,8.73,8.74,28732.0
2025-08-08,8.75,8.75,8.72,8.73,13761.0
2025-08-11,8.75,8.75,8.71,8.72,31060.0
2025-08-12,8.71,8.71,8.68,8.68,36788.0
2025-08-13,8.7,8.7,8.66,8.67,40923.0
2025-08-14,8.65,8.6965,8.62,8.62,68786.0
2025-08-15,8.61,8.66,8.61,8.63,52659.0
2025-08-18,8.58,8.665,8.58,8.63,53495.0
2025-08-19,8.66,8.79,8.617,8.7,114790.0
2025-08-20,8.76,8.76,8.652,8.66,66116.0
2025-08-21,8.66,8.73,8.66,8.66,65984.0
2025-08-22,8.68,8.8,8.68,8.7,42450.0
2025-08-25,8.7,8.776,8.68,8.7,50789.0
2025-08-26,8.71,8.7294,8.677,8.7,48185.0
2025-08-27,8.74,8.74,8.7,8.7,51068.0
2025-08-28,8.72,8.72,8.68,8.7,43039.0
2025-08-29,8.7,8.7,8.68,8.7,14121.0
2025-09-02,8.66,8.66,8.63,8.66,19528.0
2025-09-03,8.69,8.7,8.63,8.64,33043.0
2025-09-04,8.645,8.67,8.61,8.61,60693.0
2025-09-05,8.6,8.638,8.55,8.6,127238.0
2025-09-08,8.5914,8.61,8.58,8.61,23464.0
2025-09-09,8.6,8.65,8.585,8.65,141799.0
2025-09-10,8.66,8.7,8.6068,8.68,46240.0
2025-09-11,8.62,8.826,8.62,8.8,55881.0
2025-09-12,8.8,8.8,8.76,8.79,19670.0
2025-09-15,8.73,8.8105,8.73,8.77,76726.0
2025-09-16,8.775,8.8199,8.74,8.77,20042.0
2025-09-17,8.799,8.85,8.78,8.85,24309.0
2025-09-18,8.8,8.84,8.7901,8.8,37094.0
2025-09-19,8.78,8.79,8.7,8.75,20681.0
2025-09-22,8.75,8.83,8.68,8.73,30674.0
2025-09-23,8.61,8.83,8.61,8.66,17732.0
2025-09-24,8.8,8.8,8.56,8.61,32105.0
2025-09-25,8.59,8.72,8.57,8.57,26913.0
2025-09-26,8.65,8.7227,8.5834,8.61,26060.0
2025-09-29,8.65,8.69,8.61,8.65,19634.0
2025-09-30,8.63,8.675,8.613,8.64,17885.0
2025-10-01,8.66,8.66,8.61,8.62,26099.0
2025-10-02,8.63,8.6368,8.54,8.58,23093.0
2025-10-03,8.58,8.6399,8.52,8.57,49743.0
2025-10-06,8.62,8.7499,8.62,8.7,35950.0
2025-10-07,8.7,8.73,8.67,8.73,21520.0
2025-10-08,8.77,8.78,8.7,8.75,25750.0
2025-10-09,8.79,8.82,8.7,8.75,36612.0
2025-10-10,8.685,8.78,8.67,8.7,29343.0
2025-10-13,8.79,8.81,8.67,8.79,32362.0
2025-10-14,8.79,8.85,8.75,8.79,28490.0
2025-10-15,8.82,8.84,8.69,8.76,28907.0
2025-10-16,8.6801,8.84,8.68,8.81,118116.0
2025-10-17,8.81,8.8214,8.72,8.72,14990.0
2025-10-20,8.7,8.735,8.6001,8.71,18455.0
2025-10-21,8.6892,8.745,8.6601,8.69,14345.0
2025-10-22,8.68,8.68,8.59,8.66,20114.0
2025-10-23,8.65,8.65,8.6237,8.65,11986.0
2025-10-24,8.69,8.69,8.61,8.62,21108.0
2025-10-27,8.65,8.69,8.62,8.69,25496.0
2025-10-28,8.69,8.69,8.635,8.66,7934.0
2025-10-29,8.69,8.69,8.6001,8.66,5898.0
2025-10-30,8.66,8.68,8.62,8.66,23678.0
2025-10-31,8.68,8.68,8.59,8.63,16156.0
2025-11-03,8.68,8.68,8.62,8.63,24053.0
2025-11-04,8.59,8.61,8.56,8.59,15702.0
2025-11-05,8.61,8.67,8.61,8.65,24111.0
2025-11-06,8.67,8.67,8.6294,8.63,14965.0
2025-11-07,8.64,8.74,8.6294,8.74,20627.0
2025-11-10,8.74,8.87,8.74,8.82,42550.0
2025-11-11,8.815,8.8439,8.7856,8.84,16304.0
2025-11-12,8.88,8.88,8.8301,8.85,18027.0
2025-11-13,8.85,8.85,8.74,8.81,5940.0
2025-11-14,8.74,8.8299,8.74,8.82,12905.0
2025-11-17,8.74,8.7416,8.6105,8.68,37715.0
2025-11-18,8.66,8.66,8.61,8.64,14187.0
2025-11-19,8.63,8.725,8.62,8.67,27963.0
2025-11-20,8.75,8.75,8.5401,8.6,17394.0
2025-11-21,8.66,8.66,8.58,8.58,21155.0
2025-11-24,8.6,8.82,8.6,8.77,47487.0
2025-11-25,8.76,8.76,8.62,8.72,8353.0
2025-11-26,8.67,8.776,8.66,8.66,16366.0
2025-11-28,8.7,8.75,8.65,8.7,20691.0
2025-12-01,8.76,8.76,8.63,8.68,12502.0
2025-12-02,8.74,8.7899,8.64,8.69,41609.0
