date,close,YesterdayClose,YesterdayOpenLogR,YesterdayHighLogR,YesterdayLowLogR,YesterdayVolumeLogR,YesterdayCloseLogR,MA10,MA20,MA30,DayOfWeek,DayOfMonth,MonthNumber,EMA10,EMA30,RSI,MACD,MACD_Signal,BollingerUpper,BollingerLower,Volatility_10,Volatility_20,Volatility_30,OBV,ZScore,insider_shares,insider_amount,insider_buy_flag,sentiment,num_articles,overnight_gap,abnormal_vol,volatility_5d,volatility_20d,momentum_5d,momentum_20d,skew_5d,intraday_range,sentiment_change
2023-11-29,17.87,18.32,-0.0159732144328274,-0.0201592172386868,-0.0870053164019345,1.1279008010485594,-0.0248700300746475,18.07514,18.122385,18.243260000000003,2,29,11,18.11153238854938,18.366584060211643,45.41003671970624,-0.1791011269561586,-0.298772419821894,20.27496467860355,15.969805321396452,0.0287233521609276,0.0435717279014033,0.036395615721488,-1401222.0,-0.2344953847782592,0,0,-1,0,0,-0.0002674672489082,0.3784096655614516,0.341401075335575,0.6916797373229246,-0.0218938149972631,-0.070239334027055,0.6160463697802836,0.1060604364857302,0.0
2023-11-30,17.9,17.87,-0.0229251433746227,-0.0106790392769809,0.0769549805484331,-1.2315909917700931,0.0016773836753726,18.16714,18.072385,18.22159333333333,3,30,11,18.073071954267675,18.33648186277864,43.18471337579617,-0.1821232982272356,-0.2754425955029624,20.195162056271265,15.949607943728738,0.0270799267476105,0.0434549058425134,0.0363930139601094,-1385763.0,-0.1624146063673805,0,0,-1,0,0,0.0016787912702852,-0.4785624187888459,0.3400228118975123,0.6898252446301095,-0.0110497237569062,-0.0529100529100529,0.1228229076169194,0.0212290502793295,0.0
2023-12-01,18.4399,17.9,0.0033463500273443,0.0130952010375013,0.0078256408313903,-0.7471712779352642,0.0297160822735418,18.28813,18.035375,18.21959,4,1,12,18.13976796258264,18.343154000663887,71.45402643684436,-0.1393466711806148,-0.2482234106384929,20.101900510049248,15.968849489950747,0.0280786304364546,0.0438961180448014,0.0368168730875472,-1378440.0,0.3915025466976811,0,0,-1,0,0,0.0033519553072626,-0.6676922475064642,0.4088931254662435,0.6968292712060775,0.009222062896111,-0.0385920824187568,0.035366241386492,0.026025086903942,0.0
2023-12-04,18.57,18.4399,0.0285420033394844,0.0209345475488099,0.0214825116265257,0.5132806168157023,0.0070305802443634,18.312130000000003,17.976374999999997,18.22659,0,4,12,18.2179919693858,18.35778922642751,74.22303473491776,-0.0938658759596968,-0.2173519037027337,19.89916198480811,16.053588015191885,0.0198889891699582,0.0433510031611483,0.036801984200763,-1366205.0,0.6174630936138198,0,0,-1,0,0,0.0021746321834716,-0.5617031962753554,0.359807295088881,0.68817584069744,-0.0090715048025612,-0.0597468354430379,0.4186718261330891,0.0258481421647817,0.0
2023-12-05,17.95,18.57,0.0064725145056175,-0.0122897619499052,-0.0304311172025398,0.4545082225547581,-0.0339572604303265,18.24313,17.906875000000003,18.21492,1,5,12,18.169266156770195,18.331480244077348,63.94508285526528,-0.1066217671574421,-0.1952058763936754,19.719456119636654,16.094293880363352,0.0218191033384712,0.0437270436241912,0.0373315725720319,-1385480.0,0.0475840772396891,0,0,-1,0,0,0.0016155088852989,-0.404738507769419,0.405328001006346,0.6941452979860958,-0.0201965065502184,-0.0718717683557393,0.1464041231501622,0.0445682451253482,0.0
2023-12-06,17.78,17.95,-0.0217399866364059,-0.00674311388489,-0.0169975763685711,0.2884988594130418,-0.0095158848485292,18.19413,17.86805,18.19592,2,6,12,18.098490491902886,18.295900873491718,57.69230769230771,-0.1289618896951907,-0.1819570790539784,19.655127944873342,16.080972055126658,0.021195568373938,0.042858609040312,0.0373680481284176,-1411201.0,-0.098540749442509,0,0,-1,0,0,0.0139275766016713,-0.2760252352577793,0.3691977893434517,0.6803593263528617,-0.0050363738108561,-0.0418451755449572,-0.1697505415723061,0.0548368953880765,0.0
2023-12-07,17.91,17.78,-0.0222231367847101,0.0013522652500135,0.0158733491562901,-1.3048320922557564,0.0072849859868617,18.17513,17.83255,18.17758666666667,3,7,12,18.064219493375088,18.271004042943865,56.69291338582678,-0.1346248131684113,-0.172490625876865,19.58459854595086,16.08050145404914,0.0212551614428479,0.0428895119917056,0.0373765149059782,-1404225.0,0.0884107922454463,0,0,-1,0,0,0.0011248593925759,-0.6946848519949804,0.3737110790090253,0.6808498954978536,0.0005586592178772,-0.0381310418904404,-0.3866575900913876,0.0402010050251255,0.0
2023-12-08,17.76,17.91,0.0167134809737405,-0.0218587938124989,-0.0158733491562902,0.219467076584901,-0.0084104785085962,18.12399,17.77205,18.15625333333333,4,8,12,18.00890685821598,18.23803604017329,43.09927360774821,-0.1494932026341153,-0.1678911412283151,19.44028057916562,16.10381942083438,0.0210404232534906,0.0426588758205746,0.0374022035321799,-1412913.0,-0.0144464442151941,0,0,-1,0,0,0.0106085985482971,-0.650289164400766,0.2639607956592318,0.6771886597849615,-0.0368711327067934,-0.0637849235635211,-1.037169873810705,0.0337837837837838,0.0
2023-12-11,17.8197,17.76,-0.028013036227674,-5.524877140542084e-06,0.0,0.761648832584729,0.0033558493200936,18.03196,17.859035,18.139576666666667,0,11,12,17.97450561126762,18.21104661822663,39.42830631234372,-0.154676206316541,-0.1652481542459603,19.32493709520859,16.393132904791408,0.0187697174774781,0.0239546051155555,0.0374010770652205,-1394305.0,-0.0536666127002164,0,0,-1,0,0,-0.009009009009009,-0.3405260967295638,0.2522846258587797,0.3802675673430944,-0.0404038772213246,0.1081902985074627,-1.138707102495664,0.0336649887484077,0.0
2023-12-12,17.88,17.8197,0.0056657375356773,-0.0005471139874357,0.0062660415786463,-0.482549759635247,0.0033781828612502,17.987959999999998,17.957035,18.122576666666667,1,12,12,17.957322772855324,18.189688771889426,44.53781512605039,-0.1521640159672586,-0.16263132659022,19.104630227146107,16.809439772853896,0.0178396281932203,0.0236884209711201,0.0373995393672734,-1382820.0,-0.134254653867072,0,0,-1,0,0,-0.0067172848027745,-0.4941290465546154,0.1212030923365153,0.3760420250483469,-0.0038997214484679,0.1231155778894472,-0.4091636553126289,0.0268456375838926,0.0
2023-12-13,18.06,17.88,0.015139061215684,0.0016570012076296,0.0019855346191185,1.0652360219716013,0.0100167782434712,18.00696,18.04105,18.08391,2,13,12,17.9759913596089,18.18132175434817,49.44134078212287,-0.1341027384461135,-0.1569256089613987,18.916092977591205,17.1660070224088,0.0163318007140034,0.023102126666836,0.0364695949068015,-1349496.0,0.0433121583402949,0,0,-1,0,0,0.0050335570469798,1.0336643255805176,0.1117138956307388,0.3667348915029705,0.0157480314960629,0.1025842964156851,-1.3482336637453567,0.0263012181616833,0.0
2023-12-14,17.6,18.06,-0.0145742490007253,-0.005905926673782,-0.016859950734365,-0.37921035172865,-0.0258006459447331,17.97696,18.07205,18.040576666666663,3,14,12,17.907629294225465,18.14381712503539,41.32244222716226,-0.1551190852492467,-0.1565643042189683,18.824107390027407,17.319992609972587,0.0183689915073528,0.0228177315541687,0.0366320722148377,-1372303.0,-1.2553563232263207,0,0,-1,0,0,-0.0193798449612401,0.2397971851378548,0.2223803147882697,0.3622202590497716,-0.0173087660524845,0.0365135453474676,-1.181391758417103,0.0376874999999999,0.0
2023-12-15,17.58,17.6,-0.0033936684154365,-0.011350276639481,-0.0026721549242988,0.2718272262154669,-0.0011370097870753,17.890970000000003,18.08955,17.98724,4,15,12,17.848060331639015,18.10744182664601,33.04093567251458,-0.1714125867588336,-0.1595339607269414,18.772191002978484,17.406908997021514,0.0146598502540908,0.0226285179086744,0.0364997829082436,-1402234.0,-1.4928783878400014,0,0,-1,0,0,0.0028409090909089,0.93125171644528,0.2180876760766781,0.3592165855459443,-0.0101351351351353,0.0203134068485197,-1.7602946321372168,0.0287997724687144,0.0
2023-12-18,17.45,17.58,-0.0028368813351995,0.0030833941738028,0.0026721549242988,-0.4293011166551836,-0.0074222436085947,17.778969999999997,18.04555,17.910573333333332,0,18,12,17.775685725886465,18.065026224926918,36.10223642172518,-0.1925951011978668,-0.1661461888211265,18.774786372046737,17.31631362795326,0.0140766719727962,0.0172162766307975,0.03600587892888,-1421718.0,-1.6333524295516848,0,0,-1,0,0,0.0011376564277589,0.0606800690882266,0.2149016083296008,0.2732999188055003,-0.0207467016840913,-0.0480087288597926,-1.089112029021979,0.0295128939828078,0.0
2023-12-19,17.6,17.45,-0.0056980211146377,-0.0092788518955895,-0.0017306032585791,-0.4784564164056599,0.0085592533956701,17.74397,17.99355,17.852573333333332,1,19,12,17.743742866634378,18.035024532996147,45.22968197879858,-0.1950304603600976,-0.1719230431289207,18.69197620225769,17.29512379774231,0.0109515498629763,0.0168233825211656,0.035918098798492,-1409643.0,-1.1269623010357634,0,0,-1,0,0,0.002865329512894,-0.5284247637567677,0.2290706967272209,0.2670629181714913,-0.0156599552572705,-0.0557939914163089,-1.0351379371626066,0.021590909090909,0.0
2023-12-20,17.51,17.6,0.0119285708652738,0.012910648037258,-0.0040497596569203,0.897143790190292,-0.0051267557463456,17.71697,17.95555,17.817690000000002,2,20,12,17.701244163609946,18.001151982480266,43.252595155709386,-0.201895423118426,-0.1779175191268218,18.673084082814256,17.23801591718574,0.0107012563336885,0.016350249426636,0.0351996774387119,-1439258.0,-1.241892226923898,0,0,-1,0,0,0.0062499999999999,0.954844691063337,0.1973938141706942,0.2595521631405321,-0.0304540420819489,-0.0415982484948,-0.8595098066756031,0.0388349514563106,0.0
2023-12-21,17.22,17.51,-0.006230549750636,-0.0185763855729353,-0.0125773145873168,0.0696432311767736,-0.0167006472981758,17.64797,17.91155,17.771023333333336,3,21,12,17.613745224771773,17.950755080384766,26.896708458012867,-0.2281070557852835,-0.1879554264585141,18.69654212332628,17.126557876673715,0.0111752284831057,0.0165996419957983,0.0352963114852878,-1471009.0,-1.7619285071795705,0,0,-1,0,0,0.0051399200456881,1.0288460497531815,0.1456887281225595,0.2635111474415181,-0.0215909090909092,-0.0486187845303869,0.175130607887985,0.0328455284552845,0.0
2023-12-22,17.22,17.22,-0.0200867585667374,-0.00855925339567,0.0108366701095327,-0.5896844678669879,0.0,17.59397,17.85898,17.712690000000002,4,22,12,17.54215518390418,17.903609591327683,23.10756972111548,-0.2460437246178877,-0.1995730860903888,18.682385929436798,17.035574070563204,0.0111132730522709,0.016378105644358,0.0350813162284797,-1471009.0,-1.5520412888866577,0,0,-1,0,0,0.0017421602787457,-0.2514928761959769,0.1474667237896622,0.2599943668878882,-0.0204778156996586,-0.0575434832579879,0.071675365461397,0.0133565621370499,0.0
2023-12-26,17.23,17.22,-0.0029027596579614,-0.0057471422555678,-0.0069930354909704,-0.0312687718696649,0.0005805515402536,17.535,17.78348,17.751023333333332,1,26,12,17.4853996959216,17.860150908016223,31.052631578947384,-0.2564950323970727,-0.2109574753517256,18.541024772621665,17.025935227378337,0.0109695222803393,0.0149839318846089,0.0207555257984705,-1453945.0,-1.4612469652045834,0,0,-1,0,0,-0.0011614401858304,-0.308258308354333,0.1470924868156636,0.2378625445716402,-0.0126074498567334,-0.0805763073639272,-0.7267804120853864,0.0145095763203714,0.0
2023-12-27,17.01,17.23,0.0029027596579614,0.0040207244868827,-0.0058651194523981,0.2482362988125443,-0.0128506441320678,17.448,17.71798,17.787356666666668,2,27,12,17.398963387572216,17.805302462337757,30.256410256410263,-0.2793102161853582,-0.2246280235184521,18.506117643869583,16.92984235613042,0.0110639566395481,0.0145108129423718,0.0208201461739988,-1475817.0,-1.7965897340570436,0,0,-1,0,0,0.0011607661056296,0.1048441479923288,0.1215393391716188,0.2303520142013596,-0.0335227272727273,-0.0715065502183405,-0.4092623461161238,0.0246854791299234,0.0
2023-12-28,16.75,17.01,-0.0104896066710195,-0.0202906940734018,-0.0148150857851405,0.0926381953286151,-0.015403148136695,17.317,17.66198,17.799699999999998,3,28,12,17.280970044377266,17.73721843250952,22.11538461538464,-0.3147430785131,-0.2426510345173817,18.55660367177789,16.767356328222114,0.010111812614675,0.0139426068180107,0.0204426584523691,-1499812.0,-2.0388014061546613,0,0,-1,0,0,0.0035273368606701,0.5837633821579383,0.1336410697630314,0.2213320216104597,-0.0434037692747002,-0.0626748740906547,0.4958180774847659,0.0191044776119403,0.0
2023-12-29,16.26,16.75,-0.015943650397136,-0.0023460421317523,-0.0303053494953289,0.2980263846774081,-0.0296901541514107,17.183,17.57998,17.775700000000004,4,29,12,17.095339127217763,17.641914017508906,19.008264462809947,-0.3780053714648836,-0.2697219019068821,18.66345239947362,16.496507600526378,0.0109006897978165,0.0150516588213118,0.0200099639973364,-1532138.0,-2.436573373980317,0,0,-1,0,0,0.0029850746268657,1.4287480310431206,0.1959079607338245,0.238937676361097,-0.0557491289198605,-0.0916201117318433,-0.5876615403239577,0.0479704797047971,0.0
2024-01-02,17.225,16.26,-0.0023837913552762,0.0197680855784165,0.0309021862781906,-0.6194016537671335,0.0576537127800576,17.1475,17.519235000000002,17.775533333333335,1,2,1,17.118913831359986,17.615016338959947,41.05794965867742,-0.3462820354987315,-0.285033928625252,18.533743788112734,16.50472621188727,0.0239725101123836,0.0193959121349129,0.022714371225203,-1514738.0,-0.5800541177121963,0,0,-1,0,0,0.030750307503075,-0.3994826049509836,0.5483951832591638,0.3079005597614367,0.0002903600464576,-0.065884305229421,1.726615941665845,0.0354136429608127,0.0
2024-01-03,17.2999,17.225,0.0345974113389312,0.0017256259674696,0.023848202389805,-0.6043366567225359,0.0043389042404838,17.13249,17.45573,17.741196666666667,2,3,1,17.15182040747635,17.594686252575436,41.3156082517441,-0.3115064072004792,-0.2903284243402975,18.34451112183281,16.566948878167192,0.0239548095264123,0.0193297239844491,0.019311847307501,-1505230.0,-0.3506600132969792,0,0,-1,0,0,0.0072568940493468,-1.3357150187733542,0.5490714712213995,0.3068498554462374,0.0040568775391758,-0.0683952611739364,1.6118578682982496,0.0136127954496845,0.0
2024-01-04,17.33,17.2999,0.0010829868450222,-0.0017947129825926,0.006127594714845,-0.1982662589375418,0.0017383825873082,17.105489999999996,17.42473,17.697529999999997,3,4,1,17.184216697026105,17.577609720151216,38.55799373040752,-0.2783094744061181,-0.2879246343534616,18.28367202267432,16.56578797732568,0.0237593347692474,0.0180085948833967,0.0190025229815823,-1497432.0,-0.2205736766843924,0,0,-1,0,0,0.0039826819808206,-1.393376977006791,0.5351738138665537,0.2858775811390688,0.0188124632569075,-0.0345403899721449,1.33917759234878,0.0057010963646855,0.0
2024-01-05,17.3832,17.33,0.0029434781864663,0.0029434781864663,0.0041892441187322,-0.0360352305122609,0.0030651188395741,17.09281,17.40489,17.66797,4,5,1,17.220395479384994,17.565067157560815,46.10520264443801,-0.2448849888902415,-0.2793167052608176,18.24745464352973,16.56232535647027,0.0237541870384061,0.0179384808037042,0.0187294424031022,-1489910.0,-0.0514856638397212,0,0,-1,0,0,0.005193306405078,-1.2754472574983284,0.50830571402241,0.2847645546294449,0.0378029850746268,-0.0223172103487065,1.08016855550155,0.0044583275806526,0.0
2024-01-08,17.41,17.3832,-0.0022988515871109,0.0,-0.0044672213727169,0.8094223885325419,0.0015405312130088,17.11181,17.37989,17.64497,0,8,1,17.25486902858772,17.555062824814957,46.95340501792119,-0.213769110051416,-0.2662071862189373,18.18833061696451,16.57144938303549,0.023072283227274,0.0178443032653682,0.0186779885151461,-1473011.0,0.0744890827307909,0,0,-1,0,0,-0.0001840857839753,-0.3025074810670005,0.4027397074425904,0.2832695325562924,0.0707257072570723,-0.0279173646007816,2.225033445429439,0.0088914417001724,0.0
2024-01-09,17.16,17.41,-0.0011514106050418,-0.0011487652038735,-0.010691054116589,1.2426437207364878,-0.0144636597202815,17.105809999999998,17.34989,17.607923333333336,1,9,1,17.23762011429904,17.529574900633346,45.01718213058421,-0.206897477228388,-0.2543452444208275,18.14333088732827,16.55644911267173,0.0236051012113477,0.0180191013530959,0.0187184219281667,-1531562.0,-0.4786493941329637,0,0,-1,0,0,-0.0028719126938541,3.081146534699973,0.1222579708660674,0.2860443661749561,-0.0037735849056604,-0.0337837837837838,-2.114212715843125,0.0185547785547783,0.0
2024-01-10,17.165,17.16,-0.0203673028244335,0.0011487652038735,-0.0042004543802429,-1.360049586273585,0.0002913328498389,17.09931,17.317155,17.555423333333334,2,10,1,17.224416457153758,17.506053939302163,42.13381555153703,-0.1987570529114464,-0.2432276061189513,18.08250822007145,16.55180177992855,0.0236043462026156,0.0179879705966853,0.0179889216404619,-1516535.0,-0.3976072642270863,0,0,-1,0,0,-0.0087412587412586,-0.5669814836382837,0.1148025031403549,0.2855501807374287,-0.0077977329348725,-0.0367402369287923,-2.132782258975095,0.0238858141567142,0.0
2024-01-11,17.2703,17.165,0.0087796876520457,-0.0051798676968422,0.0087796876520457,0.2758333546569,0.0061158362619228,17.12534,17.286669999999997,17.520433333333337,3,11,1,17.232758919489438,17.49084400773428,45.68931410279462,-0.1817141899518866,-0.2309249228855383,18.00473766460231,16.568602335397685,0.0232340113648474,0.0180394811093808,0.0176660598679527,-1496735.0,-0.045594588941878,0,0,-1,0,0,-0.0002912904165452,-0.2064032128192877,0.1263765502892363,0.2863678847764165,-0.0034448932487016,-0.0340995525727069,-1.809100399557076,0.0098434885323357,0.0
2024-01-12,17.3,17.2703,0.0150378773645405,0.0051798676968423,0.0033335982211505,0.5543494196770308,0.0017182383321549,17.180339999999998,17.248669999999997,17.501433333333335,4,12,1,17.244984570491358,17.478531491106267,51.58730158730162,-0.1639214717932375,-0.2175242326670782,17.86808550751286,16.629254492487135,0.0224573820677002,0.0178513767596422,0.0171430261451045,-1462267.0,0.1657368902696959,0,0,-1,0,0,0.0086680601958276,1.035639369802489,0.124208122172126,0.2833818207967891,-0.0047862303833585,-0.0420819490586931,-1.766383973485895,0.0117167630057803,0.0
2024-01-16,17.22,17.3,-0.0051798676968422,0.0,-0.0127013482247506,0.053657909732667,-0.0046350025041486,17.276339999999998,17.229670000000002,17.478766666666665,1,16,1,17.24044192131111,17.461852040067154,50.0,-0.1544950234148885,-0.2049183908166403,17.826614529204697,16.632725470795307,0.019645779276957,0.016996894271608,0.0171484532951863,-1498635.0,-0.0323983202020015,0,0,-1,0,0,0.0017341040462426,1.100593733457468,0.1241776076425936,0.2698173318187989,-0.0109132682366457,-0.0215909090909092,-1.028226815453531,0.0243902439024391,0.0
2024-01-17,17.28,17.22,-0.0005772005932254,-0.0051798676968422,0.0116960397631912,-0.9585682460307352,0.003478264376325,17.28184,17.21467,17.440103333333337,2,17,1,17.247634299254543,17.4501196503854,50.94339622641511,-0.1405626775524773,-0.1920472481638077,17.78920508197594,16.640134918024064,0.0058973933944123,0.0170256985090865,0.016130228067277,-1484690.0,0.2274186626700561,0,0,-1,0,0,0.0058072009291522,-0.671123662655806,0.0636881332079106,0.2702745849132368,0.006993006993007,-0.017064846416382,-0.6774691745650254,0.007523148148148,0.0
2024-01-18,17.33,17.28,-0.0017972260529018,0.0,-0.0034944706497735,-0.1250340727611536,0.002889340351605,17.28485,17.208669999999998,17.398770000000003,3,18,1,17.262609881208263,17.442369995521826,56.45161290322574,-0.1240565640984243,-0.178449111350731,17.775309393729696,16.6420306062703,0.0058045919951246,0.0169689133271284,0.0160670891287268,-1472384.0,0.428244140250785,0,0,-1,0,0,0.0005150462962963,-0.7641394304942547,0.0635105108082357,0.2693731480955487,0.0096125837459946,-0.0068767908309456,-1.3076433137185202,0.0109636468551643,0.0
2024-01-19,17.17,17.33,-0.0257140202830164,-0.0089842656191015,-0.0260061937469243,0.9043885542896996,-0.0092754288181304,17.26885,17.187170000000002,17.37277,4,19,1,17.24577172098858,17.42479773774623,58.82352941176475,-0.1224742066731892,-0.1672541304152227,17.723088721645894,16.65125127835411,0.0064769917137212,0.0169501919918557,0.0150203053036775,-1502785.0,-0.0640768807153005,0,0,-1,0,0,-0.0276976341604152,0.6232421932597545,0.0881929822375055,0.2690759561114932,-0.005807658234078,-0.0244318181818181,-0.9233290712740928,0.0276645311589983,0.0
2024-01-22,16.76,17.17,0.0211399534250773,0.002035772115035,-0.0084185704655957,0.1197364714937994,-0.0241685798554471,17.20653,17.14967,17.33877,0,22,1,17.157449589899745,17.38190756111744,60.86956521739131,-0.1525453032013004,-0.1643123649724382,17.695346241393274,16.603993758606727,0.0095263944247652,0.0176872583538869,0.0155105219062154,-1537053.0,-1.4282095148766434,0,0,-1,0,0,0.0023296447291787,0.9046278731899896,0.1776019407876505,0.2807765218736073,-0.0312138728323698,-0.0428326670474015,-1.1251941018287666,0.038782816229117,0.0
2024-01-23,16.83,16.76,-0.022921955678646,-0.0075824218630244,0.0143946898153367,-0.4118029977213033,0.0041679131487775,17.14853,17.13017,17.30277,1,23,1,17.097913300827063,17.34630062169051,35.94306049822046,-0.1687828255159011,-0.1652064570811308,17.69287208290471,16.56746791709529,0.0097189944628961,0.0173966469229198,0.0154571184836169,-1514352.0,-1.066887822595222,0,0,-1,0,0,0.003579952267303,0.0169901475253211,0.1930619434144521,0.2761632084266585,-0.0226480836236934,-0.0226480836236934,-1.342763364566132,0.0166310160427806,0.0
2024-01-24,16.65,16.83,-0.0011897681355886,-0.0029316936858267,-0.0089746223459975,-0.1670821174615421,-0.0107527917762617,17.09753,17.101670000000002,17.265769999999996,2,24,1,17.016474518858505,17.301378000936285,28.481557512747344,-0.1939400543889817,-0.170953176542701,17.701715360039806,16.5016246399602,0.0093181504067954,0.0175280549485853,0.0154960892814312,-1533560.0,-1.5054528543310188,0,0,-1,0,0,-0.0017825311942957,-0.2730614681399897,0.1819916976747174,0.2782492461637908,-0.0364583333333334,-0.0331010452961673,-0.5413828622390174,0.0228228228228229,0.0
2024-01-25,16.74,16.65,-0.0071684894786126,-0.0029403137913956,-0.0012019232216164,-0.0437917441657167,0.0053908486348763,17.05503,17.077170000000002,17.229779999999998,3,25,1,16.966206424520596,17.26516006539201,31.21019108280251,-0.2042605037409508,-0.177614641982351,17.694906132051656,16.45943386794835,0.0096515877323751,0.0175918400222009,0.0155250980055226,-1515175.0,-1.091631143155506,0,0,-1,0,0,0.0018018018018018,-0.3460157505422963,0.1915206885907941,0.2792618028166608,-0.0340450086555106,-0.0284387695879281,-0.435612928690576,0.0209080047789726,0.0
2024-01-26,16.75,16.74,0.0083582576142012,-0.0035457368880739,0.0042004262178732,-0.2529553091253214,0.0005971932097462,17.002999999999997,17.06417,17.19211333333333,4,26,1,16.92689616551685,17.231923932140916,29.26381975373332,-0.2092208500567025,-0.1839358835972213,17.698576239101225,16.429763760898776,0.0092542753620018,0.017385796441856,0.015500299711084,-1500899.0,-0.9904379264778098,0,0,-1,0,0,0.0047789725209081,-0.6420684807183084,0.1964508648012575,0.2759909623796567,-0.0244612696563775,-0.0152851263962375,-1.112689249636032,0.0131283582089551,0.0
2024-01-29,16.8,16.75,0.0047449673842257,0.0005967521499166,-0.0029924970082866,-0.2868418539455517,0.0029806281381379,16.953,17.066670000000002,17.15011333333333,0,29,1,16.903824135422877,17.204057872002792,30.322580645161267,-0.2067342740926108,-0.1884955616962992,17.696239035886776,16.437100964113228,0.009334516343943,0.017051962766019,0.0153625638532791,-1490183.0,-0.8471509391321508,0,0,-1,0,0,0.0089552238805969,-0.8574929363575152,0.1032140842720895,0.2706915170665167,0.0023866348448686,0.0029850746268658,-1.8447309993874448,0.0166607142857143,0.0
2024-01-30,16.73,16.8,0.0029542118974316,0.0041261479111722,0.0029924970082865,-0.0562366334217703,-0.0041753714104806,16.904000000000003,17.090169999999997,17.121113333333334,1,30,1,16.87221974716417,17.173473493163904,34.306569343065675,-0.2080142014815109,-0.1923992896533415,17.620171342997335,16.56016865700266,0.0093261813707815,0.0156279991770957,0.0147338738116891,-1500313.0,-1.3591286314978466,0,0,-1,0,0,0.0089285714285713,-0.8173250841889659,0.10143962379255,0.2480867958727038,-0.0059417706476528,0.0289052890528904,-0.8418962255235948,0.017931858936043,0.0
2024-01-31,16.69,16.73,-0.0047309372685822,-0.0030104090908047,-0.0017320380344006,0.2003385932972932,-0.0023937773249888,16.845000000000002,17.06342,17.09144666666667,2,31,1,16.83908888404341,17.142281654895267,33.09608540925271,-0.2098373445755896,-0.1958869006377912,17.6181940008328,16.5086459991672,0.0090646772642712,0.0076894070792685,0.0147343360782507,-1512690.0,-1.346205840358196,0,0,-1,0,0,0.0083682008368201,-0.6146095982105562,0.0616772494573151,0.122065553167705,0.0024024024024025,-0.0310595065312045,0.0719133917824079,0.0166446974236069,0.0
2024-02-01,16.78,16.69,0.0017767253711506,-0.0028893130363836,0.0032040080470095,0.0764252565506144,0.0053779633653164,16.79,17.037425,17.069113333333334,3,1,2,16.828345450580972,17.118908644902024,32.35950205080239,-0.201694937090032,-0.1970485079282394,17.594261311108074,16.480588688891924,0.0092900349270211,0.0077349558535895,0.014746685098009,-1499330.0,-0.924598467681588,0,0,-1,0,0,0.0125823846614737,-0.558975401597142,0.0616121875599389,0.1227886175439671,0.002389486260454,-0.0300521968335076,0.0687940939138443,0.0104529201430274,0.0
2024-02-02,16.75,16.78,-0.0071259208899675,-0.0059347355198144,0.0015175688357569,-0.5833802198917979,-0.0017894427679847,16.748,17.008425,17.04078,4,2,2,16.81410082320261,17.095108087166413,30.21582733812943,-0.195410202597472,-0.1967208468620859,17.561504363773054,16.455345636226944,0.0090462760504153,0.0076974177718216,0.0146302108523949,-1506785.0,-0.9344951807170992,0,0,-1,0,0,0.0,-1.0233182646087429,0.0636283427300363,0.1221927189696545,0.0,-0.0334679746105018,0.5852279246744253,0.0029850746268657,0.0
2024-02-05,16.79,16.75,0.0035693077751204,0.0023781224049674,-0.002989538848366,0.2689975321369721,0.0023852128183739,16.750999999999998,16.978765,17.01678,0,5,2,16.80971885534759,17.075423694446,34.07407407407402,-0.1850684852303992,-0.1943903745357486,17.51042943423611,16.44710056576389,0.0050663343790356,0.0076767944186995,0.014631257095286,-1497029.0,-0.7100907559153007,0,0,-1,0,0,0.0053731343283582,-0.8578368598621293,0.061987611427165,0.121865333388286,-0.0005952380952382,-0.0341249022044272,0.6954849278954388,0.0083382966051221,0.0
2024-02-06,16.81,16.79,-0.0023781224049673,0.0053301873308633,0.0059642145878359,-0.1650061625876006,0.0011904763310748,16.749000000000002,16.948765,17.00311333333333,1,6,2,16.809769972557117,17.058299585126903,32.06106870228986,-0.1732615159515731,-0.1901646028189135,17.444470045046177,16.453059954953826,0.004890243447909,0.0076693852891922,0.0143488563058366,-1488757.0,-0.5598692262132473,0,0,-1,0,0,0.0005955926146516,-0.921441121400466,0.0505240203396256,0.1217477171036398,0.0047818290496113,-0.0344629523262494,0.411045186636803,0.0077394408090421,0.0
2024-02-07,16.755,16.81,0.0077083097358306,0.0,-0.0041694190118127,0.0902198767272299,-0.0032772262312505,16.7595,16.928514999999997,16.987613333333332,2,7,2,16.799811795728548,17.038731869957427,28.13688212927749,-0.1664240156225638,-0.1854164853796436,17.42096536843162,16.436064631568374,0.003458368647459,0.0070865227045513,0.0143557443656088,-1497810.0,-0.704700457642529,0,0,-1,0,0,0.0071386079714456,-0.920153664599866,0.0544388018503064,0.1124950604187336,0.0038945476333132,-0.0236013986013986,0.1917954832753765,0.0119367353028946,0.0
2024-02-08,16.83,16.755,0.0011806376814154,0.0011806376814154,0.0005079403129958,-0.2389252223578119,0.0044662870134408,16.7685,16.911765,16.97428,3,8,2,16.80530056014154,17.02526529770211,36.17886178861771,-0.1531875237337665,-0.1789706930504682,17.393008736363903,16.430521263636095,0.0033258864921684,0.007192911723724,0.0143863826610598,-1490681.0,-0.3398070201091278,0,0,-1,0,0,0.0116383169203223,-1.0529347484895215,0.0497364288254449,0.1141839337404882,0.0029797377830749,-0.0195164579085348,-0.1001765436840299,0.0125668449197861,0.0
2024-02-09,16.83,16.83,-0.0076991792816572,-0.0035461030067504,0.0012836397422085,-0.1472312043771382,0.0,16.776500000000002,16.88975,16.96828,4,9,2,16.80979136738853,17.012667536560038,54.26829268292664,-0.141071326114524,-0.1713908196632793,17.341302584802836,16.438197415197163,0.0033301298062907,0.007002730061907,0.0142042754186602,-1490681.0,-0.2646424890961044,0,0,-1,0,0,-0.0005941770647651,-1.0519546071015988,0.0457940336239706,0.1111648934539321,0.0047761194029849,-0.0254946352987499,-0.5197365105597437,0.0077243018419488,0.0
2024-02-12,16.76,16.83,0.0005943536579124,-0.0035587226169942,0.0,1.0920901719563447,-0.0041679131487775,16.7725,16.86275,16.968613333333334,0,12,2,16.800738391499706,16.99636640516907,45.73170731707336,-0.1355549738360331,-0.1642236504978301,17.273775354577154,16.451724645422843,0.0034956071018578,0.0069941475219429,0.0139412283903032,-1509020.0,-0.4999691569183195,0,0,-1,0,0,0.0,0.291723684217065,0.0554689895155666,0.1110286498557575,-0.0017867778439546,-0.0312138728323698,0.3545575213135532,0.00417661097852,0.0
2024-02-13,16.7099,16.76,-0.0083532705289707,-0.0047647499316391,-0.0053843982912343,-0.4351842372861226,-0.0029937369049963,16.770490000000002,16.837245,16.983610000000002,1,13,2,16.78422232031794,16.977884701609774,54.3399507317782,-0.1336848405826742,-0.1581158885147989,17.21705082559764,16.45743917440236,0.0033658033302993,0.006965954859348,0.0128125069980039,-1520888.0,-0.6705794983508527,0,0,-1,0,0,-0.0041766109785203,-0.3499469598266221,0.0560746869260489,0.1105811052116217,-0.0059547888161807,-0.0296225319396049,1.346237979906595,0.0047875810148473,0.0
2024-02-14,16.83,16.7099,0.0035885205973315,0.004764749931639,0.0047875615083727,-2.087223682121891,0.0071616500537737,16.784489999999998,16.814745,16.970443333333332,2,14,2,16.792545534805587,16.96834375311882,56.24826437100809,-0.1211155357194115,-0.1507158179557215,17.13233285257826,16.49715714742174,0.0039571338729558,0.0071515634853938,0.006701638073602,-1519416.0,0.0960679061000339,0,0,-1,0,0,0.0023997749836922,-1.5357292390557482,0.0768942530733264,0.1135275508058551,0.0044762757385854,-0.0260416666666668,0.3826595311205946,0.0047534165181222,0.0
2024-02-15,16.45,16.83,0.0023852128183739,-0.002379537113265,-0.0211169234409228,2.655086939487331,-0.0228375309913336,16.751489999999997,16.770744999999998,16.942113333333335,3,15,2,16.7302645284773,16.93490222065954,36.24105668684632,-0.1402009460320208,-0.1486128435709813,17.02535550108579,16.516134498914205,0.0081004475848769,0.0085063979227759,0.0077208152092229,-1540357.0,-2.519495453896618,0,0,-1,0,0,-0.0023767082590611,0.8062054670317306,0.1749949125147435,0.1350348807397287,-0.0225787284610813,-0.0507789959607616,-1.3082850626540288,0.0237082066869301,0.0
2024-02-16,16.62,16.45,-0.0174230901829145,0.0,0.0060790460763821,-1.9298514443758847,0.0102813122159212,16.73849,16.743244999999998,16.918446666666664,4,16,2,16.710216432390517,16.914585948358926,42.56321269211698,-0.1399949176896839,-0.1468892583947219,16.92453883506224,16.561951164937756,0.0089866950903997,0.008818973383572,0.0080050993779982,-1537317.0,-1.359616006332301,0,0,-1,0,0,0.0030395136778115,-1.2929742229112295,0.2046358545006522,0.1399968623509766,-0.0124777183600711,-0.0320326150262085,-1.0102490608053332,0.0174488567990372,0.0
2024-02-20,16.7,16.62,0.0138431340921976,0.0035671857089213,0.0120483385161743,1.470856194372782,0.0048019299954072,16.72949,16.740245,16.895673333333335,1,20,2,16.708358899228603,16.90074169362609,48.77069332896241,-0.13185634941361,-0.1438826765984995,16.922355324861194,16.55813467513881,0.0091124145922724,0.0071844702879857,0.0080446205579056,-1524084.0,-0.441984824646023,0,0,-1,0,0,0.0066185318892899,0.2311562649937074,0.2097404621688619,0.1140499301024565,-0.0035799522673032,-0.0035799522673032,-1.5527117650222373,0.0089820359281438,0.0
2024-02-21,16.68,16.7,0.0071471417996382,0.0,-0.0011983224921086,-0.9394542488813014,-0.0011983224921086,16.71649,16.732745,16.871339999999996,2,21,2,16.703202735732493,16.88650029403731,49.58340276620556,-0.1255727833920303,-0.1402206979572057,16.91161767420974,16.553872325790262,0.0090944580627629,0.0071141074337188,0.0080267319964071,-1529256.0,-0.5897491076602933,0,0,-1,0,0,0.0089820359281438,-1.0850486385874798,0.2088635585434791,0.1129329544188958,-0.0017893584042992,-0.0089126559714793,-1.7062449014902308,0.0101918465227818,0.0
2024-02-22,16.63,16.68,-0.0185689672028255,-0.005373461665973,-0.0108500160240657,0.6973918328908911,-0.0030021037257644,16.703989999999997,16.731745,16.853673333333333,3,22,2,16.689893147417493,16.86995188797039,43.53559731080834,-0.1232073366982895,-0.1368180257054224,16.91277602932631,16.55071397067369,0.0090863794089019,0.0067268234606801,0.0076533029054542,-1539644.0,-1.124061442711078,0,0,-1,0,0,-0.0083932853717026,-0.0373263987525541,0.1981380640401126,0.1067850119423673,-0.011883541295306,-0.0012012012012011,-1.2673225631327274,0.0156163559831628,0.0
2024-02-23,16.5547,16.63,0.0036210057669523,-0.0056664833726948,0.001471643873488,-0.3876236769763247,-0.0045382437832916,16.67646,16.722479999999997,16.83333,4,23,2,16.665312575159767,16.84961305648843,41.89962671090829,-0.1259568318903952,-0.134645786942417,16.919952498818105,16.52500750118189,0.0089604848020208,0.0066701998990959,0.0076754478781914,-1546694.0,-1.6992745927070918,0,0,-1,0,0,-0.0018039687312085,-0.6251071242377154,0.0980613447778011,0.1058861407685754,0.0063647416413374,-0.011069295101553,0.8745421082949446,0.0084990969331971,0.0
2024-02-26,16.55,16.5547,0.0119702386480477,0.0080681746495104,-0.0081606320242845,0.0511514403551117,-0.0002839475984726,16.64846,16.71248,16.80932,0,26,2,16.644346652403446,16.830283181876272,39.74534267646555,-0.1270505180734886,-0.1331267331686313,16.923851507316517,16.501108492683482,0.0089552597117191,0.0066652339677501,0.0075530856299908,-1554114.0,-1.537387910629734,0,0,-1,0,0,0.0148115036817339,-0.4824386604681211,0.0564914100933084,0.1058073090523624,-0.0042117930204572,-0.0119402985074626,1.1133984582766392,0.0247734138972809,0.0
2024-02-27,16.39,16.55,-0.0149868321874735,-0.0137850549707417,-0.0116601505174,0.7012677580528062,-0.0097147090673335,16.61146,16.691979999999997,16.778986666666665,1,27,2,16.59810180651191,16.80187781530361,33.97191268508621,-0.1392230583243687,-0.1343459981997788,16.943354617485095,16.4406053825149,0.0092905791436473,0.0069052765388263,0.0076764817663951,-1569075.0,-2.4026292154807307,0,0,-1,0,0,0.0,1.0586861277406665,0.0587129230158813,0.1096178667351803,-0.0185628742514969,-0.0244047619047619,-1.2474809112873633,0.0225747406955461,0.0
2024-02-28,16.4,16.39,-0.0155277895335469,-0.0039304661333152,0.0055401803756153,-0.8558902472778235,0.0006099420744144,16.58047,16.67548,16.751653333333334,2,28,2,16.562083296237017,16.77595021431628,35.97059753398659,-0.1463756404773413,-0.1367519266552913,16.957767830712573,16.393192169287428,0.0093258632553675,0.006880259280106,0.0076688717387265,-1562718.0,-1.951766743218184,0,0,-1,0,0,-0.0057962172056131,-0.6851808109883122,0.0647290623909285,0.1092207300648297,-0.0167865707434053,-0.0197250448296474,-0.9719841868252898,0.0131097560975609,0.0
2024-02-29,16.16,16.4,0.0070325928124745,-0.0036418856641359,-0.0154658201755852,0.9792943332936426,-0.0147422817372033,16.513469999999998,16.64898,16.71432,3,29,2,16.48897724237574,16.736211490812003,26.57670255908252,-0.1694567160618376,-0.1432928845366006,17.013158756569943,16.28480124343006,0.0095319668812819,0.0075272970802305,0.0079627685052024,-1579644.0,-2.685384532615334,0,0,-1,0,0,0.000609756097561,1.3750300407040776,0.1022911131609352,0.1194921367127558,-0.0282621767889356,-0.0317555422408628,-0.5660512669222915,0.0250618811881188,0.0
2024-03-01,16.215,16.16,-0.0113376425118457,-0.0088625068164477,0.0006232471376564,-1.2037365094288062,0.003397686666332,16.48997,16.620730000000002,16.677153333333333,4,1,3,16.439163198307423,16.70258494301768,29.29571774845128,-0.1812215847840299,-0.1508786245860864,17.0273037304792,16.214156269520803,0.0071533525387184,0.0074429248826813,0.0079745528631641,-1574565.0,-1.9958495573326756,0,0,-1,0,0,0.0040222772277228,-0.8609151003637903,0.121679954250682,0.1181527695990572,-0.0205198523682096,-0.0336710369487486,-0.6928296442873588,0.0154116558741905,0.0
2024-03-04,16.21,16.215,-0.0095990828407325,-0.0012216122501782,0.0012453301733962,0.5289706928564937,-0.0003084040116964,16.44897,16.59373,16.645153333333333,0,4,3,16.39749716225153,16.670805269274606,30.636530066187703,-0.1887727316770977,-0.1584574460042887,17.034445648152293,16.15301435184771,0.0058915216425079,0.0074491940916167,0.0078682689716702,-1583185.0,-1.7413949407460063,0,0,-1,0,0,-0.0089423373419672,-0.1838380412050123,0.1216315794209447,0.1182522902056184,-0.0205438066465256,-0.0322388059701491,-0.6914562350454851,0.012954966070327,0.0
2024-03-05,16.23,16.21,0.0092908689378455,0.0030665464079793,0.005584873343528,0.8262797117472674,0.001233045778915,16.40197,16.565730000000002,16.627486666666666,1,5,3,16.36704313275125,16.64236621964399,32.73865189554694,-0.190942174608395,-0.16495439172511,17.024720068003976,16.106739931996028,0.0054945772273636,0.0074210018719048,0.0066963624822295,-1563490.0,-1.4629074718762538,0,0,-1,0,0,0.0006169031462059,1.720595813257819,0.1147289981789567,0.1178047525920305,-0.0097620500305064,-0.0333531864204883,-2.03166712214611,0.0104744300677756,0.0
2024-03-06,16.61,16.23,0.0067588582951069,0.0224048124403358,0.0061752010693043,0.730740816449233,0.0231435420987035,16.39497,16.55573,16.62015333333333,2,6,3,16.411217108614657,16.640278076441152,43.33333333333333,-0.1601525110974933,-0.1639940155995866,17.0008162582277,16.1106437417723,0.0099863235885766,0.0092979340765246,0.0080067964577633,-1522591.0,0.243862842299819,0,0,-1,0,0,0.0061614294516326,3.297607289719933,0.216089167035914,0.1476001276389437,0.0128048780487806,-0.0118976799524092,0.6314971603779865,0.0264840457555688,0.0
2024-03-07,16.96,16.61,0.0218058306913702,0.0265894541892394,0.0251963376394337,-0.1020813840076305,0.0208527067385535,16.42797,16.565980000000003,16.630486666666666,3,7,3,16.510995816139264,16.660905297315917,65.74074074074085,-0.1062842275935374,-0.1524520579983768,17.038956663939732,16.093003336060274,0.0119848514966024,0.0104463221638674,0.0086722596402762,-1485661.0,1.6661287122199608,0,0,-1,0,0,0.0048163756773029,2.27803836765574,0.1825297065587718,0.1658302233651322,0.0495049504950495,0.0122351536854672,0.573071831694571,0.0280070754716979,0.0
2024-03-08,17.1,16.96,0.0248533502303582,0.002329645782809,0.0130183407592572,-0.7618499699516302,0.008220833144857,16.4825,16.579479999999997,16.642486666666667,4,8,3,16.618087485932122,16.689233987811665,65.0943396226416,-0.0517004245338164,-0.1323017313054647,17.09745859984242,16.061501400157574,0.0118888550954701,0.0105525986578757,0.0087414467119484,-1468422.0,2.0098127612158345,0,0,-1,0,0,0.0088443396226414,0.3506413103037588,0.1749744226502488,0.1675173104052799,0.0545790934320074,0.0160427807486633,0.2879616876063235,0.0173391812865498,0.0
2024-03-11,17.04,17.1,0.0155994928784947,0.0109347613878389,0.0003846893680832,-0.2598614532934514,-0.0035149421074446,16.5315,16.58998,16.652153333333334,0,11,3,16.694798852126283,16.711864053114137,60.828025477707016,-0.0131324828256751,-0.1084678816095068,17.137038563592583,16.04292143640742,0.0120399286648677,0.0105965299481826,0.0087759385500725,-1481716.0,1.6452351903411468,0,0,-1,0,0,0.0163157894736842,-0.0635490364135747,0.188639208751052,0.1682146980188372,0.0512029611351017,0.0124777183600712,0.1164199011605394,0.0281103286384978,0.0
2024-03-12,16.9962,17.04,-0.0191065119676313,0.00235639064176,0.0047225589541735,1.0409935878488112,-0.0025737317431406,16.59212,16.60179,16.658693333333332,1,12,3,16.749599060830594,16.730208307751937,59.91968879407714,0.013740206351084,-0.0840262640173886,17.17392643164986,16.02965356835014,0.0114034522748962,0.0105642995570309,0.0087826936974381,-1519365.0,1.3787270943842822,0,0,-1,0,0,0.0005927230046949,1.972433767379272,0.2013967070280993,0.1677030564209615,0.0472088724584103,0.0140930787589499,0.123486609615892,0.0258881397018157,0.0
2024-03-13,16.87,16.9962,0.0026299542762991,0.0,-0.0124446050480838,-0.4293067986047932,-0.007452893100152,16.63912,16.609795,16.66336,2,13,3,16.771490140679575,16.739227126606654,57.18562874251506,0.0245704875425509,-0.0623069137054007,17.19267942286703,16.026910577132966,0.0119166501425788,0.0106927854580081,0.0088612274486854,-1543873.0,0.8928185066951442,0,0,-1,0,0,0.0058130640966802,0.7663699887046433,0.1837846272950321,0.1697427068667449,0.0156532209512343,0.0095811465059634,1.1279947583790362,0.038529934795495,0.0
2024-03-14,16.46,16.87,-0.0311921916527929,-0.049421821717208,-0.0186583805861937,-0.6288331011245843,-0.0246037013089532,16.66912,16.591295000000002,16.655693333333335,3,14,3,16.714855569646925,16.72121247327719,47.63805058113434,6.919232170687906e-05,-0.0498316924999792,17.168208017159785,16.01438198284022,0.0137483666611934,0.0119102904890078,0.0099306087959052,-1556941.0,-0.4551639366585422,0,0,-1,0,0,-0.01778304682869,-0.2718017575473839,0.1875233013396614,0.189070000058715,-0.0294811320754716,-0.0219845513963159,-0.8422850915665351,0.0072904009720533,0.0
2024-03-15,14.5,16.46,-0.0133659340952091,-0.0109158148769961,-0.1406736579830621,2.5734658835974487,-0.1267845458223951,16.49762,16.493795,16.579693333333335,4,15,3,16.312154556983845,16.57790844274318,24.11616161616159,-0.1754810440173813,-0.0749615628034596,17.59349462305501,15.394095376944984,0.0406071656766342,0.0287436031213572,0.0237736310602192,-1728278.0,-3.626071989478631,0,0,-1,0,0,-0.0066828675577156,4.044377077814522,0.7905995663245343,0.4562905538583064,-0.1520467836257311,-0.1185410334346503,-2.0739953370215805,0.1448275862068964,0.0
2024-03-18,11.66,14.5,-0.1637789422646039,-0.158224005214894,-0.2275237598067708,-0.2103389968988764,-0.2179844685041824,16.04262,16.245795,16.410026666666667,0,18,3,15.466308273895873,16.260624027082333,14.382530120481915,-0.5375733255478075,-0.1674839153523292,18.66779625557357,13.82379374442643,0.0709782655228739,0.0509937789628354,0.0422318114917774,-1867114.0,-3.786781686794797,0,0,-1,0,0,-0.0427586206896551,2.4478836846797734,1.3470008007672658,0.8095011452823595,-0.3157276995305164,-0.2984356197352588,-1.0081099273397829,0.2238421955403087,0.0
2024-03-19,11.31,11.66,-0.1717151795946814,-0.1384413861220785,-0.0615578929994333,-0.4184199624304634,-0.0304768907943172,15.55062,15.976295,16.22736,1,19,3,14.710615860460258,15.941228928560893,13.53868194842407,-0.8430578956864849,-0.3025987114191604,19.23907047300808,12.71351952699192,0.0701392936258597,0.050833658038217,0.0422910816462403,-1958480.0,-2.8603224699969694,0,0,-1,0,0,0.0025728987993138,1.237109033806928,1.272680230721553,0.8069593044049308,-0.3345571363010555,-0.322754491017964,-1.0473473176710857,0.1308576480990272,0.0
2024-03-20,12.37,11.31,-0.0163867401147726,0.0314923077791143,0.0491902441907715,0.3391860357137846,0.0895868962763673,15.12662,15.760795000000002,16.07936,2,20,3,14.285049340376574,15.710827062202128,25.705128205128204,-0.988231756670503,-0.4397253204694289,19.37796024336246,12.143629756637544,0.0793429749592342,0.0565829551328472,0.0464632804400083,-1830220.0,-1.8748355531847225,0,0,-1,0,0,0.0167992926613615,1.753741127806669,1.7322978087838432,0.8982265663598372,-0.2667457024303498,-0.2583932853717027,0.093392429002351,0.1075181891673403,0.0
2024-03-21,12.33,12.37,0.0801764779901027,0.0289875368732521,0.0851578083403067,-1.1131569715396288,-0.0032388692281435,14.66362,15.545794999999998,15.93186,3,21,3,13.92958582394447,15.492709187221346,25.04816955684008,-1.0939009439751288,-0.5705604451705689,19.445559848227848,11.646030151772148,0.0781043804526483,0.0565807455928057,0.0464634443071322,-1872356.0,-1.6492250815898992,0,0,-1,0,0,0.0072756669361359,0.0011001050854568,1.7621034274770444,0.898191490999067,-0.2509113001215067,-0.258568851473241,-0.067576185770886,0.0567721005677209,0.0
2024-03-22,13.54,12.33,-0.0040209141427912,0.0779543985870588,0.0129766622257797,0.7922559944967092,0.0936129503078759,14.30762,15.39506,15.822193333333333,4,22,3,13.858752037772746,15.3667279493361,35.15016685205782,-1.0676998691400037,-0.6699883299644559,19.363081948368823,11.427038051631175,0.087408756174726,0.0618216749789319,0.0503832366694697,-1779304.0,-0.9350049088123517,0,0,-1,0,0,0.0064882400648824,0.9321103469044352,1.9017985820240584,0.98138866576631,-0.0662068965517241,-0.1821053839695072,-1.0873121195102642,0.1174224519940916,0.0
2024-03-25,14.55,13.54,0.0841870862278678,0.0470883646482861,0.0730137856297425,-0.982220123677084,0.0719427261333728,14.05862,15.29506,15.746193333333334,0,25,3,13.984433485450428,15.31403582357248,41.58316633266533,-0.954434641059608,-0.7268775921834864,19.241275545317457,11.348844454682546,0.0923382120478166,0.0645250563277421,0.0524816617778976,-1744458.0,-0.3776073513693808,0,0,-1,0,0,-0.0029542097488921,-0.2617168532258895,0.939603232006054,1.0243035142538417,0.2478559176672383,-0.120845921450151,-0.6264258636354967,0.0910584192439862,0.0
2024-03-26,14.25,14.55,0.0568703064973921,0.0084886293891778,0.0333695749951827,0.0286004530040755,-0.020834086902842,13.784,15.188060000000002,15.662526666666668,1,26,3,14.032718306277625,15.245388351083934,38.0808080808081,-0.8787489536341173,-0.7572518644736126,19.12531012688857,11.250809873111429,0.0923184104001726,0.0646193211631069,0.0525756164483413,-1780315.0,-0.47650515957507,0,0,-1,0,0,-0.0178694158075602,-0.2651583137054053,0.8924836545862531,1.025799922124364,0.259946949602122,-0.1305674191580231,-0.5554199782298493,0.0699649122807017,0.0
2024-03-27,13.9,14.25,0.007668214640179,-0.0273989741881145,-0.0074901270073621,0.196343691730721,-0.0248680665780134,13.487,15.063059999999998,15.568863333333333,2,27,3,14.008587705136236,15.158589102626909,34.54545454545455,-0.8373570452109096,-0.773272900621072,18.997041729227348,11.12907827077265,0.092354040668461,0.0647522484341691,0.0527091249426776,-1823951.0,-0.5912889688119768,0,0,-1,0,0,0.0105263157894737,-0.1469832439308647,0.9099378222168956,1.0279100771344991,0.1236863379143089,-0.1524390243902438,0.6180747483089285,0.0503597122302159,0.0
2024-03-28,13.94,13.9,-0.0432845147767445,-0.0303160333130844,-0.0058565321127129,-0.970403151301754,0.0028735651957317,13.235,14.95206,15.47253,3,28,3,13.996117213293283,15.079970450844526,33.87755102040815,-0.7921940737088402,-0.7770571352386256,18.88099649914524,11.023123500854762,0.0924537350657127,0.0647493812939122,0.0526815127523074,-1807416.0,-0.5151826710460601,0,0,-1,0,0,-0.0079136690647482,-0.7133348810741965,0.8990183811623548,1.027864562693937,0.1305758313057583,-0.1373762376237624,0.5594412185279523,0.0251076040172167,0.0
2024-04-01,14.55,13.94,0.0377134697272891,0.0529740572056684,0.0452176059932932,0.5313572760680094,0.0428285882851238,13.24,14.86881,15.409196666666668,0,1,4,14.096823174512686,15.045778808854555,37.971014492753625,-0.6991211578743535,-0.7614699397657713,18.75540228679692,10.98221771320308,0.0856692424595299,0.0656553383317779,0.0532994583103344,-1779286.0,-0.164056312818313,0,0,-1,0,0,0.0272596843615495,-0.5042855267716068,0.6808949335061946,1.0422461848181452,0.0745937961595275,-0.1026827012025901,0.6436673584820195,0.0329896907216495,0.0
2024-04-02,14.6,14.55,0.0041811907604011,-0.0088647017602482,-0.0176995770994009,-0.5708949429837779,0.0034305350967892,13.534,14.78831,15.341863333333334,1,2,4,14.188309870055832,15.017018885702653,38.4310847608196,-0.6142449855496181,-0.7320249489225408,18.624301913662496,10.952318086337506,0.0496482055301167,0.0656694208807141,0.0532565124586177,-1763392.0,-0.098180603212069,0,0,-1,0,0,-0.0116838487972508,-0.7781729083160485,0.4317265142222061,1.0424697383520116,0.0034364261168384,-0.0993214065391734,1.0684913834161005,0.0410958904109588,0.0
2024-04-03,14.41,14.6,0.01518317642139,0.0169783365344178,0.0141846349919563,0.3566434850319269,-0.0130991187028599,13.844,14.697309999999998,15.26553,2,3,4,14.228617166409318,14.977856376947642,38.1957773512476,-0.5559033122405008,-0.6968006215861329,18.47520943634789,10.919410563652104,0.0478588582249081,0.0656979591649646,0.0532675230874364,-1786097.0,-0.1521003959161715,0,0,-1,0,0,0.0,-0.6366925839597134,0.4106189567511277,1.042922769569839,0.0112280701754385,-0.1121380160197166,1.1240296152386096,0.0451075641915336,0.0
2024-04-04,14.72,14.41,-0.0207619914484291,0.0311592990637366,0.0070175726586465,-0.6287187733904422,0.0212847032892995,14.079,14.602810000000002,15.200196666666669,3,4,4,14.317959499789442,14.961220481660698,41.56976744186046,-0.4791295988246347,-0.6532664170338333,18.272257585500668,10.933362414499337,0.0414404686485903,0.0656579682534725,0.0534615595557424,-1773989.0,0.0638733745444735,0,0,-1,0,0,-0.0076335877862595,-0.8193604079644038,0.3442385004927727,1.0422879335307738,0.0589928057553956,-0.1137868753762793,0.7137469667200921,0.0692934782608695,0.0
2024-04-05,14.77,14.72,0.0471237748486446,-0.0217758521979389,0.013889112160667,-0.1607520931306036,0.0033909832425582,14.323,14.49331,15.138196666666666,4,5,4,14.400148681645906,14.948883676392269,51.60523186682521,-0.409530483198818,-0.6045192302668303,17.99337975322971,10.993240246770288,0.0411095765106324,0.0654235263380249,0.0534730208147472,-1763679.0,0.1581054204675109,0,0,-1,0,0,0.0183423913043477,-0.8157666858226664,0.3434178313462182,1.0385662834997895,0.0595408895265423,-0.1291273584905661,0.6995991733021497,0.0331753554502369,0.0
2024-04-08,14.21,14.77,-0.003341132409835,-0.003341132409835,-0.0322952325092688,0.841140659061928,-0.0386521544342791,14.39,14.34881,15.06004,0,8,4,14.365576194073922,14.901213761786314,70.7993474714519,-0.3950066121734767,-0.5626167066481597,17.627373424749482,11.070246575250517,0.0338672171173443,0.0657551308060469,0.0538632637854144,-1787588.0,-0.0846773309017842,0,0,-1,0,0,0.0115098171970209,-0.542309470179042,0.3541684575581968,1.0438303412359344,-0.0233676975945017,-0.1690058479532163,-0.7216250041271498,0.0633919774806474,0.0
2024-04-09,14.27,14.21,-0.0326559629740525,-0.0326559629740525,0.0050303489474627,0.3158991304035085,0.0042134893797356,14.362,14.210310000000002,14.98404,1,9,4,14.3481987042423,14.860490293283972,75.34246575342468,-0.3743396863026422,-0.5249613025790562,17.23434385242814,11.186276147571864,0.0236497624236458,0.065799652676811,0.0538790709073176,-1754797.0,0.0394770712980412,0,0,-1,0,0,0.0175932441942294,-0.38184432792997,0.3553223967444086,1.044537104023605,-0.0226027397260274,-0.1625586854460093,-0.743624739545814,0.0245269796776455,0.0
2024-04-10,13.67,14.27,-0.0181442521234037,-0.0020768439448392,-0.0322289123620656,-0.0002745032271365,-0.0429557807528868,14.304000000000002,14.044,14.893373333333331,2,10,4,14.224889848925518,14.783684467910811,62.08178438661712,-0.4017449188961173,-0.5003180258424684,16.77453995045896,11.313460049541042,0.0263696149299692,0.0662613878870376,0.0543306168040583,-1787579.0,-0.2739384933277665,0,0,-1,0,0,-0.0049053959355291,-0.3762203543888352,0.44765425608123,1.051866923250536,-0.051353226925746,-0.1957025688094986,-0.306670168156213,0.0561448427212874,0.0
2024-04-11,14.14,13.67,-0.0134706042582993,0.023965542734276,0.0222573197662136,0.1678445438391117,0.0338040097325685,14.328,13.907500000000002,14.81804,3,11,4,14.209455330939058,14.74215643772302,65.5765920826162,-0.3811450878067202,-0.4764834382353188,16.29455169392568,11.520448306074323,0.0277718861563437,0.0669568872128021,0.0547884161425217,-1748806.0,0.1948009761092649,0,0,-1,0,0,0.0248719824433065,-0.2665318209313724,0.5100078016547835,1.062907632768452,-0.0394021739130434,-0.1618257261410788,0.1023344303342981,0.0572842998585571,0.0
2024-04-12,14.2,14.14,0.0225838814911648,-0.0277843288366415,0.0049982253287944,-0.9341287156686078,0.0042343041387881,14.354000000000005,13.7945,14.752706666666668,4,12,4,14.207736179859229,14.707178603031211,57.081545064377686,-0.3558757604539817,-0.4523619026790514,15.865883722615282,11.723116277384715,0.0277797032283164,0.0668622773774994,0.0547632137081742,-1733571.0,0.3915257183618541,0,0,-1,0,0,0.0134370579915134,-0.7704597389248259,0.5111909447025549,1.0614057481937016,-0.0385917400135409,-0.1373025516403403,0.079465603641287,0.0235915492957747,0.0
2024-04-15,14.06,14.2,-0.0091132772328654,0.0086580627431145,-0.0100215584610188,0.8742646432890953,-0.009908078224696,14.305,13.7725,14.680873333333333,0,15,4,14.18087505624846,14.665425144771136,43.53562005277044,-0.3431903813547823,-0.4305275984141976,15.82156011830322,11.72343988169678,0.0237485784953376,0.0612917873298935,0.0547652741139533,-1770091.0,0.2806164615980848,0,0,-1,0,0,0.0,-0.2171543850076387,0.4395423887604342,0.9729769601133482,-0.0105559465165376,-0.0303448275862068,-0.3493962603620859,0.0426742532005689,0.0
2024-04-16,14.14,14.06,0.0,-0.0076151285272521,-0.007220247973487,-0.6327416407906131,0.0056737740859078,14.259,13.8965,14.611873333333332,1,16,4,14.173443227839648,14.631526748334288,48.4593837535014,-0.3229589261476615,-0.4090138639608904,15.691724952917795,12.101275047082202,0.0238287246404856,0.0403093615437989,0.054787148491914,-1750694.0,0.2712751954614243,0,0,-1,0,0,0.0099573257467993,-0.6289911272118148,0.4409328511560292,0.6398912769160966,-0.0091100210231254,0.2126929674099484,-0.3950015267119959,0.0417256011315417,0.0
2024-04-17,13.95,14.14,0.0209066848193136,0.0076151285272521,0.0036166404701885,-0.1356768811035905,-0.0135281522010521,14.213,14.0285,14.535873333333331,2,17,4,14.132817186414258,14.58755728069982,50.73313782991201,-0.3185843224822822,-0.3909279556651688,15.34821727434716,12.70878272565284,0.0238489810605517,0.0395978408068858,0.0548135035746212,-1767630.0,-0.118964874561989,0,0,-1,0,0,0.0254596888260254,-0.6353760724402496,0.2992978188079878,0.6285962353808715,0.0204828090709583,0.2334217506631297,1.1946551248883923,0.046594982078853,0.0
2024-04-18,14.12,13.95,-0.0062262394150979,-0.0062262394150979,0.0021637224453109,-0.3388013521968032,0.0121127237977214,14.153,14.116,14.452873333333336,3,18,4,14.13048678888439,14.55739229484822,52.54237288135593,-0.297965082317301,-0.3723353809955952,15.18000237435419,13.051997625645807,0.0229501096512233,0.0345351884838288,0.0546615952062201,-1755561.0,0.0075187802140524,0,0,-1,0,0,0.0329749103942653,-0.9256916697898746,0.1732375126587905,0.5482291212537183,-0.0014144271570014,0.1414713015359741,-0.3134500602764984,0.0375354107648724,0.0
2024-04-19,14.28,14.12,-0.0111655032967711,-0.0083624180696547,0.009322405270257,-1.037154570975547,0.0112677248463422,14.104,14.213500000000002,14.36354,4,19,4,14.157671009087228,14.539496017761238,45.631067961165016,-0.2656512607371315,-0.3509985569439026,14.86634075595153,13.560659244048471,0.0233643678233748,0.0344573498666124,0.0545371539551541,-1751283.0,0.2037250260304988,0,0,-1,0,0,0.0092067988668555,-1.209794397381628,0.191163077128154,0.5469934715124064,0.0056338028169014,0.1581508515815084,-0.4774839754400892,0.0196078431372548,0.0
2024-04-22,14.24,14.28,0.0173917427118692,0.0145886574847526,-0.0150955218351998,1.3647932374966831,-0.0028050509276086,14.107,14.248499999999998,14.268206666666666,0,22,4,14.172639916525911,14.520173694034709,44.15584415584416,-0.2404976824536699,-0.3288983820458561,14.819197634017758,13.677802365982238,0.0199421145407472,0.0271689442088072,0.0544874910866704,-1768031.0,-0.0297881031682476,0,0,-1,0,0,0.015406162464986,-0.602327686624268,0.170981684966213,0.4312936185641542,0.0128022759601706,0.051698670605613,-0.8994902616047544,0.0491502808988763,0.0
2024-04-23,13.86,14.24,0.0211539788531787,0.0211539788531787,0.0036527144809303,1.16323290579086,-0.0270479122220725,14.066,14.214,14.162206666666666,1,23,4,14.115796295339385,14.477581842806662,41.59021406727827,-0.2483631389842493,-0.3127913334335347,14.791340545313544,13.636659454686454,0.0216079312092228,0.0220537845233782,0.0546361941534613,-1821629.0,-1.2263126256194157,0,0,-1,0,0,0.0400280898876404,2.2743990412401525,0.2635005622081183,0.350092975899984,-0.0198019801980199,-0.0474226804123711,-0.4611478883352828,0.0692207792207792,0.0
2024-04-24,14.28,13.86,-0.0626946223443559,-0.0329473864396269,0.0042794529407053,-0.2192889056096112,0.0298529631496811,14.127,14.2155,14.071666666666667,2,24,4,14.145651514368584,14.464834627141718,43.491124260355,-0.2181909110354549,-0.2938712489539188,14.793389991352202,13.6376100086478,0.0189141295686014,0.0227434895073937,0.0550217682495999,-1778585.0,0.223225876776567,0,0,-1,0,0,0.0036075036075036,1.377739800930525,0.3364410478071226,0.3610417030942249,0.0236559139784946,0.0021052631578946,-0.645285116298002,0.0294117647058823,0.0
2024-04-25,14.13,14.28,0.0206339586718634,0.0034831104528201,0.0114368651909461,-1.5505476307039427,-0.0105597602150021,14.126,14.227,13.980333333333334,3,25,4,14.142805784483386,14.443232393132575,40.80459770114943,-0.2040310069612054,-0.2759032005553761,14.787342000830316,13.666657999169685,0.016171284332158,0.0221423436242433,0.0550307942704079,-1787716.0,-0.3462171311672686,0,0,-1,0,0,-0.0056022408963585,-1.0768796671716845,0.3438241807126919,0.3514988080433077,0.0007082152974504,0.016546762589928,0.2971806269596669,0.0219391365888181,0.0
2024-04-26,14.28,14.13,-0.0035273405179682,0.0172358627391323,0.005669752962949,0.3174875234083346,0.0105597602150022,14.134,14.244,13.907666666666666,4,26,4,14.167750187304588,14.432701270994992,51.140065146579786,-0.1786461133764127,-0.2564517831195835,14.788074298331622,13.699925701668375,0.0164776809009562,0.0222432619410319,0.0549631898267746,-1775173.0,0.1323348671693986,0,0,-1,0,0,0.0014154281670204,-0.7890472543454579,0.3424158822100158,0.3531008366570302,0.0,0.024390243902439,0.3239396146371865,0.0336134453781512,0.0
2024-04-29,15.69,14.28,0.0035273405179684,0.0863846141988206,0.0035273405179684,1.1840678039352297,0.0941636098335029,14.297,14.300999999999998,13.947333333333331,0,29,4,14.444522880521934,14.513817318027574,66.06334841628961,-0.044243178364093,-0.2140100621684854,15.13934172155813,13.462658278441866,0.0345896438964014,0.0298465811617579,0.0534915926730851,-1734187.0,3.3136845376570863,0,0,-1,0,0,-0.0056022408963585,1.283429838030329,0.7737474734830949,0.4737997874371013,0.1018258426966292,0.0783505154639174,1.2386353679944202,0.111536010197578,0.0
2024-04-30,16.58,15.69,0.0804759832435728,0.0800909341450561,0.0804759832435728,0.1680239267787424,0.0551735829622076,14.540999999999997,14.4,14.111333333333334,1,30,4,14.832791447699762,14.647119426541924,80.89171974522294,0.1325596132081141,-0.1446961270931655,15.717637439151009,13.082362560848992,0.0372894472733851,0.0320713338556209,0.0387938078842053,-1685702.0,3.3089527289155285,0,0,-1,0,0,-0.0191204588910133,1.6013467317496377,0.6734177714851167,0.5091166415765955,0.1962481962481961,0.1356164383561642,0.6186671204659021,0.1139927623642943,0.0
2024-05-01,16.08,16.58,0.1053605156578263,-0.0104712998672953,0.0313425079682017,-1.1288684568342475,-0.0306208859563285,14.754,14.4835,14.270333333333332,2,1,5,15.059556639027075,14.739563334506965,70.46413502109705,0.2296836281070433,-0.0698201760531237,16.000398150832744,12.966601849167258,0.0391182327681964,0.0328499209284004,0.0387990948264258,-1701382.0,2.1049534527068325,0,0,-1,0,0,0.0313630880579012,-0.6165360093455347,0.8307094702995034,0.5214763281881024,0.1260504201680672,0.1158917418459402,0.6239968645105134,0.0758706467661692,0.0
2024-05-02,16.7,16.08,-0.0683665012816931,-0.0099912673635703,-0.005683627551439,-0.3709897415039264,0.0378324556718891,15.011999999999995,14.5825,14.414666666666667,3,2,5,15.35781906829488,14.866043119377483,73.58490566037737,0.3526191539895986,0.0146676899554207,16.39419156199097,12.77080843800903,0.0397923974307314,0.033488509782014,0.0360250543607563,-1690562.0,2.337594372491265,0,0,-1,0,0,-0.0068407960199003,-0.9380617204311716,0.7690236729755534,0.5316136119681789,0.1818825194621371,0.1345108695652173,-0.0693853539154768,0.0682634730538922,0.0
2024-05-03,17.4,16.7,0.0583752339181228,0.0506729011565263,0.0439835526389843,1.0531391678543305,0.0410614867977739,15.323999999999998,14.714,14.583666666666666,4,3,5,15.729124692241266,15.029524208449905,78.49829351535836,0.5007581653905806,0.1118857850424527,16.921541142252313,12.506458857747685,0.0404263362280466,0.034375404447466,0.0363659912992017,-1659545.0,2.433476729914553,0,0,-1,0,0,0.0137724550898203,0.3651657407160655,0.7382530159458486,0.545692628311553,0.218487394957983,0.1780636425186188,-0.6958268331005724,0.075287356321839,0.0
2024-05-06,17.45,17.4,0.0325420928854666,0.0072727593290798,0.0386377927054139,-0.2090018287403985,0.0028694424279529,15.645,14.876,14.714,0,6,5,16.042011111833762,15.185683936937007,78.38765008576328,0.6151034516404597,0.212529318362054,17.383029275751184,12.368970724248816,0.040098750603467,0.0326249746264778,0.032560609984817,-1634378.0,2.053426359952458,0,0,-1,0,0,0.0051724137931034,-0.0437962936389314,0.5591515527881372,0.5179054163487169,0.1121733588272784,0.228008444757213,-0.8992769419960049,0.045272206303725,0.0
2024-05-07,17.15,17.45,0.0028546979135262,0.0005572583036376,-0.0087848295557328,0.5313782519734961,-0.0173414750364873,15.973999999999998,15.02,14.800666666666666,1,7,5,16.243463636954896,15.312414005521717,76.93602693602693,0.673748864495602,0.3047732275887637,17.70499926492195,12.33500073507805,0.0389335358232815,0.0331990630249079,0.0304261718977997,-1677194.0,1.5865926131357189,0,0,-1,0,0,0.0051575931232091,1.1101500260994692,0.5142523132120721,0.5270187871455968,0.0343787696019299,0.201822004204625,0.0729461323106979,0.0553935860058308,0.0
2024-05-08,17.12,17.15,-0.0336263565802798,-0.0415186159347031,-0.0256195126177445,0.2388086999439495,-0.0017508028983526,16.258,15.1925,14.896333333333333,2,8,5,16.402833884781277,15.42903245677838,75.86206896551728,0.7096249131485433,0.3857435647007196,17.95450442089662,12.430495579103384,0.0395063453104978,0.031043306236662,0.030051098181394,-1731559.0,1.3957254995082764,0,0,-1,0,0,-0.011078717201166,1.6757243880454176,0.4140239719640561,0.4927972090525689,0.0646766169154231,0.252377468910022,0.236574787082556,0.037967289719626,0.0
2024-05-09,17.055,17.12,0.0146329798596909,0.0078091503141649,-0.0056465697268424,0.4879710156665015,-0.003803954842987,16.5505,15.33825,15.0015,3,9,5,16.52140954209377,15.53393358859913,74.32077125328661,0.7244608496925977,0.4534870216990952,18.173088294840568,12.503411705159431,0.0390038345860794,0.0307514193197971,0.029544397011098,-1820120.0,1.2111801954450117,0,0,-1,0,0,0.0052570093457943,2.788617767206011,0.3532751875973374,0.4881636478947015,0.02125748502994,0.206152758132956,1.5835729850920663,0.051498094400469,0.0
2024-05-10,17.15,17.055,0.0046376894717509,-0.0037523496185505,0.02832057211483,-0.7136008705774547,0.0055547577413397,16.8375,15.48575,15.1085,4,10,5,16.63569871625854,15.638195937721768,75.26041666666667,0.735406830179338,0.5098709833951438,18.37763205881656,12.593867941183438,0.0391660283361725,0.0307401156137394,0.029534733244157,-1776736.0,1.1509805491037604,0,0,-1,0,0,0.0137789504544121,0.5776801145957827,0.1400782521147265,0.4879842071239698,-0.014367816091954,0.2077464788732395,-1.3079365779094756,0.0198250728862973,0.0
2024-05-13,17.45,17.15,0.0,0.0512932943875504,0.0087930856686104,0.886770191854687,0.0173414750364873,17.0135,15.65525,15.205166666666663,0,13,5,16.78375349512062,15.75508652238488,81.60211267605635,0.759533660131293,0.5598035187423737,18.592311680623904,12.718188319376091,0.0275150978133537,0.0304207929033259,0.0287981282887956,-1671431.0,1.2221398085305104,0,0,-1,0,0,0.0081632653061224,2.6421758860321574,0.2023673354856093,0.4829151162455948,0.0,0.2411095305832147,0.051761203188127,0.063054441260745,0.0
2024-05-14,17.43,17.45,0.0092113489532371,-0.0244728565187255,0.0070105795045151,-0.4517653781045309,-0.0011467891165065,17.0985,15.81975,15.299499999999998,1,14,5,16.901252859644142,15.863145456424563,79.82954545454548,0.768185351288734,0.6014798852516458,18.767992072115064,12.871507927884933,0.0224559794619404,0.0305251785519573,0.0288269015003272,-1738458.0,1.0923458526218022,0,0,-1,0,0,0.0,1.092582381106522,0.1379828025993038,0.4845721870459318,0.0163265306122448,0.2326732673267326,1.4719637256287297,0.0309810671256455,0.0
2024-05-15,17.89,17.43,0.0170458672729886,0.0228231448440558,0.0149858712278047,-0.2645628094150538,0.0260490379886982,17.2795,16.01675,15.4155,2,15,5,17.08102506698157,15.993910265687497,83.63148479427551,0.8029046494743248,0.6417648380961816,18.965484385068294,13.068015614931705,0.0194749517413649,0.0301478513690895,0.0288135537583372,-1687012.0,1.2705450918100358,0,0,-1,0,0,0.0183591508892713,0.4650577269415427,0.2028273084948177,0.4785823037132938,0.0449766355140186,0.2824372759856632,0.5760581295905506,0.0385690329793181,0.0
2024-05-16,18.69,17.89,0.0167601688574651,0.0472952191646301,0.0320883145515004,-0.4251736606008113,0.0437467239468437,17.4785,16.24525,15.547833333333331,3,16,5,17.37356596389401,16.16785153886895,85.33653846153848,0.8847741321043543,0.6903666968978162,19.282068756181317,13.208431243818682,0.0205168965660873,0.0309717453706832,0.0295023582448056,-1653384.0,1.610073037795764,0,0,-1,0,0,0.0089435438792621,-0.2372496358532298,0.2865942583589927,0.4916612155226633,0.0958663148636764,0.3236543909348444,0.5916711557691281,0.0535045478865703,0.0
2024-05-17,18.74,18.69,0.0491858120479858,-0.0036813083909281,-0.0027739268827253,-0.8098453998228372,0.0026716553428046,17.6125,16.468249999999998,15.680166666666668,4,17,5,17.62200851591328,16.333796600877406,81.25,0.9428225970469164,0.7408578769276362,19.552087791829475,13.38441220817052,0.0176000133059202,0.0310795327590723,0.029506873110176,-1638422.0,1.4733265193253189,0,0,-1,0,0,0.0144462279293739,-0.9879411391342222,0.2954884149917419,0.4933722872675434,0.0927113702623907,0.3123249299719888,0.5773490558946781,0.0522945570971184,0.0
2024-05-20,19.19,18.74,-0.0047581374464169,0.0270286723879192,0.0381517659643761,0.7754494744582802,0.0237290332093325,17.7865,16.71575,15.846166666666669,0,20,5,17.90709787665632,16.518067787917573,79.39189189189192,1.013455182434431,0.7953773380289951,19.84087614482241,13.590623855177592,0.0182296744732547,0.0308886077555444,0.0282980440915978,-1605931.0,1.583456081668413,0,0,-1,0,0,0.0069370330843117,-0.3456999781494675,0.2983584156879192,0.4903414467971494,0.0997134670487107,0.3476123595505618,0.2267177244952345,0.0416883793642522,0.0
2024-05-21,18.81,19.19,0.0089686699827603,0.0228146777661712,-0.0085929637228318,-0.6349497026044445,-0.0200006667066696,17.9525,16.96325,15.9975,1,21,5,18.071261899082444,16.665934382245474,81.5972222222222,1.0269313654880747,0.8416881435208111,19.91535589419253,14.011144105807473,0.0186707848696351,0.0304291329359332,0.0288153406502749,-1623150.0,1.2511407559146048,0,0,-1,0,0,-0.0078165711307974,-0.8656682556584503,0.3933082367221087,0.4830475101588254,0.0791738382099827,0.3571428571428572,-0.5474256775499907,0.0749601275917065,0.0
2024-05-22,18.59,18.81,-0.0363676441708748,-0.0487901641694319,-0.0097561749453646,0.6834305758026338,-0.0117648415795862,18.0995,17.17875,16.1615,2,22,5,18.16557791743109,16.79006764790706,74.10714285714286,1.0082368494704106,0.8749978847107311,19.928432996082883,14.42906700391712,0.0195759180932177,0.0308231104151444,0.0274379214480097,-1657255.0,1.026481963201158,0,0,-1,0,0,-0.0239234449760765,-0.1892423910197277,0.4195370878201255,0.4893017087517424,0.0391280044717718,0.3018207282913165,0.5526106917190564,0.0344271113501883,0.0
2024-05-23,18.57,18.59,-0.000544810691765,-0.0031628914085081,-0.000544810691765,-0.3042680636900021,-0.0010764263687381,18.251,17.40075,16.309166666666666,3,23,5,18.23910920517089,16.904901993203378,68.05555555555557,0.980504828664884,0.8960992735015618,19.80988235091194,14.991617649088056,0.01940507425443,0.030503689974533,0.0271426374102489,-1682413.0,0.9706814152882872,0,0,-1,0,0,-0.0129101667563205,-0.5864261351135514,0.2640748998904607,0.4842310664545711,-0.0064205457463885,0.3142250530785562,0.7617997406786902,0.031771674744211,0.0
2024-05-24,18.69,18.57,0.0135320062185763,-0.0106158109476562,0.0135320062185763,-1.3045835963456571,0.006441246102857,18.405,17.62125,16.458833333333335,4,24,5,18.321089349685277,17.020069606545096,68.73111782477343,0.9571762673082488,0.9083146722628992,19.59578758743928,15.646712412560722,0.0193910648491874,0.0305433745074003,0.0271309211951241,-1675588.0,1.0825319374001217,0,0,-1,0,0,0.0016155088852989,-1.2926466132353929,0.2688798889583773,0.4848610388837474,-0.002668089647812,0.3088235294117649,0.5312504225229449,0.0074906367041196,0.0
2024-05-28,18.95,18.69,-0.0005377789858029,0.0361579865790726,-0.0005377789858029,0.2411201930416067,0.0138153100609638,18.555,17.78425,16.62183333333333,1,28,5,18.435436740651586,17.14458124483251,77.52293577981652,0.948731653512496,0.9163980685128188,19.62093830980339,15.947561690196611,0.0192452639033324,0.0231475814561666,0.0268907214152966,-1666902.0,1.2694042791885465,0,0,-1,0,0,-0.0053504547886571,-1.1146661857066105,0.2152706298390524,0.3674564639137632,-0.0125065138092758,0.2077756532823453,-0.1581696458213387,0.0443271767810026,0.0
2024-05-29,19.1687,18.95,0.0191801297950827,-0.0028656563713838,0.0026860075240925,0.3596064017069252,0.0114748089364583,18.72887,17.913685,16.789456666666666,2,29,5,18.568757333260383,17.27516955161751,79.61661896088123,0.9487499002136914,0.9228684348529932,19.7578895271607,16.069480472839302,0.0189587838507266,0.0203567773232509,0.0268770648589059,-1654457.0,1.3610366762651838,0,0,-1,0,0,0.0,-0.8863801953934957,0.1651896591262746,0.3231538217522471,0.0190696438064861,0.1561338962605551,-0.8717156687783623,0.03831245728714,0.0
2024-05-30,19.23,19.1687,-0.00399212681044,0.0002889994446552,0.01250199546055,-1.4452931458242413,0.0031928191357946,18.86287,18.071185,16.965456666666668,3,30,5,18.68898327266759,17.401287645061544,81.47612156295223,0.9428422598774376,0.926863199857882,19.78977307443173,16.352596925568267,0.0180906415836007,0.0183820006429655,0.0265349151996505,-1651524.0,1.3485663228323923,0,0,-1,0,0,-0.0153479370014659,-1.1901711523195193,0.0966139938151383,0.2918052138066982,0.0344271113501883,0.1958955223880598,-0.13374505881061,0.0262870514820591,0.0
2024-05-31,20.78,19.23,0.0189197314862631,0.0914091573026143,-0.0059036408875245,3.912711482999726,0.0775194260703929,19.07187,18.275185,17.187456666666666,4,31,5,19.06916813218257,17.619269087315637,86.96537678207739,1.0511158492450114,0.951713729735308,20.25691996584234,16.29345003415766,0.0274533265046151,0.023589728691595,0.0294162758724245,-1504773.0,2.5279010999690623,0,0,-1,0,0,0.0002600104004159,2.8806724711765037,0.5142442220019633,0.3744753336806734,0.11900915455035,0.244311377245509,2.142387985045509,0.1189412897016361,0.0
2024-06-03,20.78,20.78,0.0636933499401039,-0.0082752570594051,0.0683140149963723,-0.633747872389564,0.0,19.27587,18.444185,17.404123333333335,0,3,6,19.38022847178574,17.82318721071463,86.117136659436,1.1239670563079829,0.986164395049843,20.672778061269124,16.215591938730878,0.0275561195258599,0.0225609603770574,0.0295159045003654,-1504773.0,2.096223882766481,0,0,-1,0,0,-0.0134744947064485,0.8994533155810636,0.5292765598431737,0.358144142978856,0.111824505082932,0.1942528735632185,2.0717490929102955,0.0466794995187679,0.0
2024-06-04,20.63,20.78,0.0058365924444513,0.0101571677536084,0.0177607036619675,-0.4355340833600336,-0.007244658587921,19.41987,18.603185000000003,17.617123333333332,1,4,6,19.607459658733784,18.00427190679756,83.75527426160333,1.1562696594905617,1.0201854479379868,20.981828656217388,16.22454134378262,0.0276512472495879,0.0228200899207285,0.0296082714289395,-1555146.0,1.7041770798263405,0,0,-1,0,0,-0.0076997112608277,0.1239112629508039,0.5690104746216587,0.3622576969582763,0.0886543535620052,0.1822349570200572,2.042526186201985,0.0399903053805137,0.0
2024-06-05,20.44,20.63,-0.0009704027932784,-0.0235416887883563,-0.0162685372572721,-0.6729254155954254,-0.0092525617476566,19.58287,18.767685,17.836456666666667,2,5,6,19.758830629873096,18.161415654746104,78.5234899328859,1.1532444094542311,1.0467972402412358,21.17802149127211,16.357348508727892,0.0266707723500703,0.0224105666202301,0.0289687752762961,-1580847.0,1.387619534496944,0,0,-1,0,0,-0.0014541929229276,-0.5200278122727292,0.6011502736981253,0.3557567161030461,0.0663216597891354,0.1918367346938776,2.136298120528623,0.0322896281800391,0.0
2024-06-06,20.51,20.44,-0.0171313439835756,-0.0053076119774043,0.0064453865804214,-0.91196176280292,0.0034188067487856,19.77487,18.937185,18.04412333333333,3,6,6,19.89540687898708,18.312937225407648,74.33155080213903,1.1433158584633247,1.0661009638856536,21.33641163879756,16.53795836120244,0.0258035532576674,0.0223090490839898,0.0288441582995457,-1570522.0,1.3111016479779176,0,0,-1,0,0,-0.0092906066536204,-0.8591631106397636,0.6009081895326528,0.3541451751754232,0.0665626625065003,0.1980140186915888,2.133431015121329,0.0204729400292541,0.0
2024-06-07,20.46,20.51,-4.938259411660736e-06,-0.0058224327514333,-0.0014875182196345,0.2718184084786134,-0.0024408115608088,19.96387,19.107435,18.255123333333337,4,7,6,19.9980601737167,18.45145740441361,72.99465240641712,1.118519234656052,1.0765846180397334,21.42619211287888,16.78867788712112,0.0258729710094045,0.0222690869323276,0.0286590436621077,-1584072.0,1.1666293054046626,0,0,-1,0,0,-0.0126767430521697,-0.6942311507349377,0.0820696489864017,0.3535107956845033,-0.0153994225216554,0.1996481970096746,0.018544877380413,0.0161290322580646,0.0
2024-06-10,20.23,20.46,0.0073801072976224,0.0031580252166196,-0.008443059839747,0.2823728002241752,-0.0113051093438263,20.117870000000003,19.261435,18.453456666666668,0,10,6,20.040231051222754,18.566202087999827,64.77272727272725,1.0679974440987152,1.0748671832515295,21.437539414363105,17.085330585636893,0.0267353393691706,0.022732561161892,0.0289923285920075,-1602043.0,0.8901824688255849,0,0,-1,0,0,-0.0029325513196482,-0.5349487730094098,0.0934351739043961,0.3608682209875915,-0.0264677574590953,0.179591836734694,0.8709264043810031,0.0279288185862579,0.0
2024-06-11,20.01,20.23,-0.0148150857851404,-0.0188523149792091,-0.0075094220221315,-0.0135576306336416,-0.0109345025840119,20.22387,19.389435,18.59745666666667,1,11,6,20.03473449645498,18.659350340386936,67.8571428571429,0.9986940760654904,1.059632561814322,21.41270319022566,17.366166809774338,0.0272959756880072,0.0230269964547732,0.0242048505133812,-1619772.0,0.6134283166195473,0,0,-1,0,0,-0.0064260998517053,-0.4657951254854495,0.1013458075614044,0.3655422363605754,-0.0300533204071739,0.1467048710601721,0.9970022746048,0.0164917541229386,0.0
2024-06-12,20.09,20.01,0.0024844733276617,0.012277266167232,-0.0010055305020187,0.0987960644917414,0.0039900302312009,20.316,19.522435,18.714456666666663,2,12,6,20.0447827698268,18.75165031842649,73.29192546583852,0.9393972028079424,1.035585490013046,21.34292036648308,17.701949633516925,0.0272231655602282,0.0229585309485615,0.0224249950774288,-1600202.0,0.6235315157698346,0,0,-1,0,0,0.0069965017491252,-0.3489410986908633,0.1176191921802734,0.364455380143642,-0.0171232876712329,0.1526104417670684,-0.1627017689109849,0.0298606271777004,0.0
2024-06-13,19.89,20.09,-0.0134900871642639,-0.0078382946366049,-0.0208393818443197,-0.4776567539943214,-0.0100050859609622,20.382,19.622435000000003,18.841456666666662,3,13,6,20.016640448040107,18.82509223336672,69.41176470588238,0.8662797413918248,1.001724340288802,21.27757392598654,17.967296074013465,0.0276358288797271,0.0228115982258119,0.0215683243505067,-1612340.0,0.3233142496972168,0,0,-1,0,0,-0.0104529616724739,-0.5178152199521723,0.1063349551159452,0.3621228954805232,-0.03022915650902,0.1117942984907769,1.078490439461369,0.0427350427350428,0.0
2024-06-14,19.98,19.89,0.0060180723255631,-0.0158733491562901,0.0066547468523634,0.1398550699205629,0.0045146803545266,20.302,19.686935,18.95079,4,14,6,20.00997854839645,18.89960241185919,69.13946587537092,0.8063013343975243,0.9626397391105465,21.28876065616141,18.085109343838592,0.0065215450910871,0.0208671334397563,0.0207487603070373,-1598380.0,0.365913729590641,0,0,-1,0,0,0.0055304172951231,-0.429795532831893,0.1302509938680124,0.3312554739383705,-0.0234604105571847,0.0690208667736758,0.5962372881523109,0.0200200200200199,0.0
2024-06-17,19.86,19.98,-0.01257878220686,0.001998002662673,-0.0076824961720163,-0.7154572468497111,-0.006024114603381,20.21,19.742935,19.03279,0,17,6,19.98270972141528,18.961563546577956,64.08668730650155,0.7405484362179706,0.9182214785320312,21.28247091130919,18.20339908869081,0.0063979573355819,0.0209761170485473,0.0197233851747363,-1605206.0,0.1520782972843427,0,0,-1,0,0,-0.0115115115115115,-0.6309240768306287,0.1184822153526173,0.3329855350934311,-0.0182896688086999,0.0597652081109925,0.3620113567564626,0.0297079556898287,0.0
2024-06-18,20.12,19.86,0.0055541672698956,0.0217185239546431,0.0208605885525712,0.2802563867478971,0.013006686614512,20.159,19.789435,19.12179,1,18,6,20.00767159024886,19.0363013822826,64.54009109528322,0.7013340751232455,0.8748439978502742,21.31476549433474,18.264104505665266,0.0083613868500903,0.0205409074590184,0.0197806910939455,-1596172.0,0.4334339360915658,0,0,-1,0,0,0.0,-0.5246693028393448,0.1456298634977447,0.3260767970409273,0.0054972513743127,0.0484627410109432,0.0258920083505061,0.0308151093439364,0.0
2024-06-20,20.09,20.12,0.0194471349355217,-0.0098136214483246,0.0075794609814253,-0.487918290038826,-0.0014921664046954,20.124,19.853435,19.21979,3,20,6,20.022640392021795,19.10428193826437,63.2716049382716,0.660224999335373,0.831920198147294,21.311669960888675,18.395200039111327,0.0080191984573506,0.0198893908254288,0.019378534020143,-1601718.0,0.3244538861636291,0,0,-1,0,0,0.0064612326043737,-0.6071438530518292,0.1440259878371623,0.3157342911159258,0.0,0.0680489101541734,0.6122536685883393,0.013384768541563,0.0
2024-06-21,20.28,20.09,-0.0085848931173394,0.0088365818004979,-5.497100280973442e-05,0.1729315329375763,0.0094129998961394,20.101,19.937935,19.32512333333333,4,21,6,20.06943304801783,19.180134716440865,36.702127659574494,0.6356497975148443,0.7926661180208041,21.279067153737863,18.596802846262133,0.0086494403934658,0.0196003870408644,0.0193426761542575,-1595125.0,0.5101137856498819,0,0,-1,0,0,-0.0006520657043305,-0.5314786023610956,0.1237176144348579,0.3111464982644426,0.0196078431372548,0.090909090909091,-0.1685689101048694,0.022189349112426,0.0
2024-06-24,20.25,20.28,0.0085848931173395,-0.0048995688411585,0.0094504558115169,-0.6502463533158194,-0.0014803851704343,20.08,20.021935,19.43162333333333,0,24,6,20.10226340292368,19.2491582831221,36.12565445026178,0.6067586872849162,0.7554846318736266,21.203239970249825,18.840630029750173,0.0086381903588809,0.019606672142492,0.0193074697383677,-1598566.0,0.3861238304140357,0,0,-1,0,0,-0.0014792899408284,-0.5871235431231872,0.1290808611420841,0.3112462711596708,0.0135135135135135,0.0904684975767367,0.4748425268524344,0.0079012345679012,0.0
2024-06-25,19.93,20.25,0.0044345970678657,-0.000982801061908,-0.023542284372635,0.8182333935330176,-0.0159286593278448,20.05,20.083935,19.52429,1,25,6,20.07094278421028,19.29308355517874,33.17307692307695,0.5516815076200423,0.7147240070229097,21.08772340352573,19.08014659647427,0.0093317408618736,0.0201157550775555,0.0197107174795925,-1606365.0,-0.3067080660810892,0,0,-1,0,0,0.0044444444444444,-0.4607718484414453,0.1796191628332704,0.31932771221698,0.0035246727089628,0.0663456393793471,-0.582590126564621,0.0306071249372804,0.0
2024-06-26,19.59,19.93,-0.0098815033299976,-0.0098815033299976,-0.0632890908164907,0.3110008327670817,-0.0172069022682539,20.008000000000003,20.115935,19.59562333333333,2,26,6,19.983498641626596,19.31223945484463,30.94170403587444,0.4751203952601557,0.666803284670359,21.001341978144783,19.230528021855218,0.0101909281597428,0.0204533954685998,0.0199755000376657,-1617009.0,-1.188007352510383,0,0,-1,0,0,0.0105368790767687,-0.3804273413420955,0.176677900694352,0.3246875872606243,-0.0263419483101392,0.03377308707124,0.1520546474492499,0.0826952526799388,0.0
2024-06-27,19.31,19.59,-0.0410495940701768,-0.0180365610958501,0.0412538666928065,0.3553775976755992,-0.0143961355160263,19.93,20.123,19.65829,3,27,6,19.86104434314903,19.312094973886914,25.40983606557377,0.3873859579951748,0.6109198193353222,20.978326345844,19.26767365415601,0.0106130983698159,0.0206244120425496,0.0202359473412612,-1632195.0,-1.9010287803020296,0,0,-1,0,0,-0.0132720775906075,-0.2509900539468816,0.1826784906217524,0.3274023912090726,-0.0388252862120458,0.0073713919045108,1.0576425546691788,0.0248575867426204,0.0
2024-06-28,17.27,19.31,0.0036147728490429,-0.0193982601252836,-0.1111342037522527,2.4219618942948804,-0.1116522042818357,19.668,20.025,19.63762333333333,4,28,6,19.389945371667388,19.1803469110555,13.995485327313771,0.1514984534941774,0.5190355461670934,21.5206146421772,18.5293853578228,0.0340149884382866,0.0314244485655127,0.0279854570722238,-1803310.0,-3.6841040764210176,0,0,-1,0,0,0.0046607975142413,2.9660547534455133,0.671044310647049,0.4988476559501228,-0.148422090729783,-0.1019240769630785,-2.1093234907363945,0.1233352634626519,0.0
2024-07-01,18.68,17.27,-0.0749013081731177,0.0051413995004186,0.032472234993276,-0.7978423483217716,0.0784825406421093,19.538,19.92,19.63729,0,1,7,19.26086439500059,19.148066465180957,36.18538324420678,0.0774384604692421,0.4307161290275231,21.48565775651208,18.354342243487928,0.045388953646094,0.0315740341254226,0.0307331964033967,-1726257.0,-1.5839987951931938,0,0,-1,0,0,0.0422698320787493,1.211456574942816,1.051770105941199,0.5012222530976109,-0.0775308641975308,-0.1010587102983638,0.1681584745294314,0.088865096359743,0.0
2024-07-02,19.61,18.68,0.0317139754895277,0.0327898228229907,0.040642606233829,-0.9427629239403362,0.0485862074075583,19.513,19.8615,19.66629,1,2,7,19.32434359590957,19.17786862871767,46.83544303797467,0.0927197940198603,0.3631168620259906,21.37853693186148,18.344463068138523,0.0486657885667689,0.0338549311009705,0.0320275806213801,-1696241.0,-0.3315674057999334,0,0,-1,0,0,-0.0053533190578159,0.0989639714212756,1.1445726331928792,0.5374303700783649,-0.0160561966884094,-0.0563041385948027,-0.500090290917869,0.0800611932687404,0.0
2024-07-03,19.8,19.61,0.0646057955161496,0.0152674721307886,0.0544637207515246,0.0740484783035835,0.0096422974922346,19.481,19.82,19.686623333333333,2,3,7,19.410826578471468,19.218006136542336,47.74494556765164,0.1187924081233937,0.3142519712454713,21.293299197826396,18.346700802173608,0.0485745001350668,0.0339376763897911,0.0317942085955358,-1663918.0,-0.0271499503013457,0,0,-1,0,0,0.0107088220295767,0.1847001401802646,1.136821436338049,0.5387439108166546,0.010719754977029,-0.0402326708676683,-0.8787440417781455,0.0424242424242424,0.0
2024-07-05,19.93,19.8,0.009040744652149,-0.009823261702943,0.0035614385138171,-1.686856936719503,0.0065441965242136,19.465,19.7945,19.723956666666663,4,5,7,19.50522174602211,19.263941224507345,50.31446540880504,0.1482362806190558,0.2810488331201882,21.240008105895857,18.34899189410414,0.0486233833975473,0.0339322319534341,0.0315475321102869,-1657935.0,0.1874773298708331,0,0,-1,0,0,0.01010101010101,-0.4814530598962521,1.1249856108337442,0.5386574830688764,0.032107716209218,-0.0249510763209394,-1.1940682808610914,0.0286001003512293,0.0
2024-07-08,19.86,19.93,-0.0005001250416823,-0.0004937052679892,-0.002033554335764,1.0877450519871563,-0.0035184756076767,19.423,19.762,19.76629,0,8,7,19.569726883108995,19.30239662937784,49.053627760252354,0.1640314937638756,0.2576453652489257,21.168475250965702,18.35552474903429,0.0485244487984837,0.0339232483750851,0.0314565714326824,-1675690.0,0.1393554560348086,0,0,-1,0,0,0.0030105368790767,-0.1829680842785013,0.5688648131506633,0.5385148731837082,0.1499710480602201,-0.0316918576304242,0.9468407480563048,0.0302114803625378,0.0
2024-07-09,19.66,19.86,-0.0025043839786162,-0.0019772621370184,-0.0102302682508149,-0.6099165264102216,-0.0101215438980059,19.364,19.722,19.802623333333333,1,9,7,19.586140177089177,19.32546781457927,48.44236760124611,0.1585829400310245,0.2378328802053454,21.08986579828043,18.35413420171957,0.0486096461621598,0.0339825402558903,0.0315364317538599,-1685338.0,-0.0906521678924094,0,0,-1,0,0,0.0040281973816717,-0.3903407909159286,0.3705095724654471,0.5394561026119623,0.0524625267665952,-0.0391006842619746,1.611400603302268,0.0386571719226857,0.0
2024-07-10,19.97,19.66,-0.0146504262184221,-0.0089463817378027,0.0005140066934037,0.4017961413396802,0.0156450327087032,19.368,19.709,19.84529,2,10,7,19.655932872163877,19.36705053621932,48.84080370942812,0.1772362618639107,0.2257135565370585,21.061392032853792,18.356607967146207,0.0486294182460783,0.0341087116632181,0.0316235483888631,-1670919.0,0.385982753017617,0,0,-1,0,0,-0.0005086469989827,-0.2601500313398932,0.1648505268010668,0.5414590116101009,0.0183579806221314,-0.0128521997034108,-0.3627412117735893,0.028542814221332,0.0
2024-07-11,20.22,19.97,0.0086141905865717,0.0099355015019271,0.0150455471054948,0.291506499772463,0.0124410661646015,19.431,19.7195,19.88762333333333,3,11,7,19.75849053177044,19.422079533882588,50.97159940209266,0.2097739212843876,0.2225256294865243,21.08492994963803,18.35407005036197,0.048287828101874,0.0341202714385615,0.0316075394801417,-1651620.0,0.7331024196923154,0,0,-1,0,0,-0.0075112669003504,-0.1342751334679046,0.1723920104192995,0.5416425173547229,0.021212121212121,0.010494752623688,-0.4243257949473363,0.0234915924826904,0.0
2024-07-12,20.75,20.22,0.0472994567692394,0.0349719951884924,0.0168155549634889,0.0768209357881931,0.0258740330843819,19.575,19.7525,19.94033333333333,4,12,7,19.93876498053945,19.5077518220192,53.34281650071122,0.275155005772973,0.2330515047438141,21.185845369186545,18.31915463081345,0.0482588313443869,0.0345785085152729,0.0318622989060014,-1630780.0,1.3918487776133173,0,0,-1,0,0,0.0276953511374877,-0.0955333326128887,0.2342949054444902,0.5489168054336491,0.0411440040140491,0.0328521652563464,-0.1690131951270755,0.04144578313253,0.0
2024-07-15,19.95,20.75,-0.003857285399758,-0.0120049460968233,-0.0375297593510521,0.3232928152189973,-0.0393171033408349,19.843,19.7555,19.96433333333333,0,15,7,19.94080771135046,19.53628396253409,48.07692307692307,0.2594261687680408,0.2383264375486594,21.190307524227222,18.32069247577278,0.0328677891142566,0.0356812579706592,0.0327589047846532,-1659574.0,0.2711165040826706,0,0,-1,0,0,-0.0024096385542169,0.0915645766047136,0.4103909796264859,0.5664224103378339,0.0045317220543805,0.0030165912518853,-1.0578964488079092,0.0676691729323307,0.0
2024-07-16,19.91,19.95,-0.048500351096834,-0.0269294118786314,0.0184337016888379,-0.8173059890556071,-0.0020070252597674,19.966,19.752,19.935333333333336,1,16,7,19.935206309286738,19.560394674628668,49.86702127659575,0.2409556991058536,0.2388522898600983,21.184841857803494,18.3191581421965,0.0232650484086618,0.0356749390807938,0.0291782007737613,-1672290.0,0.2205407374714893,0,0,-1,0,0,-0.0115288220551378,-0.3296229963827061,0.4003390828733378,0.5663221010709586,0.0127161749745676,-0.0035035035035034,-1.4238571945149008,0.022099447513812,0.0
2024-07-17,19.89,19.91,0.0140989243795016,-0.0074720148387009,-0.003557818238309,-0.0435585129768235,-0.001005025210224,19.994,19.753500000000003,19.90566666666667,2,17,7,19.926986980325516,19.581659534330043,52.08333333333334,0.2221431579277144,0.2355104634736215,21.186880619375085,18.32011938062492,0.0176705586537472,0.0356448874893655,0.029177583039493,-1684464.0,0.1904588329923262,0,0,-1,0,0,0.0045203415369161,-0.3519962161315446,0.3834295710057926,0.5658450468464328,-0.0040060090135202,0.0015105740181269,-0.986956824364519,0.0180995475113121,0.0
2024-07-18,19.89,19.89,-0.0065212169902654,-0.0035061393292877,-0.0071538373566187,0.0248248328695488,0.0,20.003,19.742,19.881000000000004,3,18,7,19.92026207481178,19.60155246759908,54.19075144508672,0.2048724415297123,0.2293828590848397,21.166663949295117,18.31733605070489,0.0174394730632252,0.0355251789725027,0.0291546240232705,-1684464.0,0.2077682952154803,0,0,-1,0,0,-0.0010055304172951,-0.3491243660602136,0.3664374275296334,0.5639447330538198,-0.016320474777448,-0.0114314115308151,-0.6616302623968018,0.0216189039718451,0.0
2024-07-19,19.86,19.89,-0.0075777073892362,0.0203632563957105,0.007662872745569,0.5648675410723992,-0.0015094342488544,19.996,19.7305,19.861666666666668,4,19,7,19.90930533393691,19.618226501947525,76.37474541751527,0.1866133623970398,0.2208289597472797,21.147026143701403,18.313973856298595,0.0173186506829829,0.0355252181946214,0.0291118827402077,-1706419.0,0.1828416659668768,0,0,-1,0,0,-0.0085470085470086,-0.1213229628501124,0.2659503059801425,0.5639453556856523,-0.0428915662650603,-0.011448481831757,-2.2250506219246766,0.0347432024169184,0.0
2024-07-22,19.98,19.86,0.0125977982532345,-0.0118695755553837,0.0055823540044516,-0.1904345422119633,0.0060241146033808,20.008000000000003,19.7155,19.844,0,22,7,19.922158909584745,19.64156672762833,67.95580110497238,0.179753817636147,0.2126139313250532,21.113761702784487,18.31723829721551,0.0173800192929644,0.0354857316026395,0.0291280999813298,-1688271.0,0.3783268889840551,0,0,-1,0,0,0.0055387713997985,-0.239564061424471,0.0522586252944672,0.5633185254706178,0.0015037593984963,-0.0147928994082841,1.9656576848904328,0.017017017017017,0.0
2024-07-23,20.14,19.98,0.0049950153805229,0.0019880722253861,0.0040202480434407,-0.8356293722488711,0.0079761140700088,20.056,19.71,19.83333333333333,1,23,7,19.961766380569337,19.673723712942635,59.2982456140351,0.1850945866395932,0.2071100623879612,21.100251775758657,18.319748224241344,0.0170680528819837,0.0355302056192826,0.0291659867647728,-1680402.0,0.6185929879720529,0,0,-1,0,0,0.0045045045045044,-0.5227856544767664,0.0697841381960766,0.5640245285976699,0.0115519839276745,-0.005432098765432,0.6531299482059797,0.0149155908639523,0.0
2024-07-24,20.22,20.14,-0.0039940142959381,0.0152749951983944,-0.0065538191985338,0.4762270750670698,0.0039643263019089,20.081,19.7245,19.832999999999995,2,24,7,20.008717947738543,19.708967344365693,57.66423357664231,0.1935513761820111,0.2043983251467712,21.130374517122647,18.31862548287735,0.0164492567177919,0.035331972955852,0.0290978872904733,-1667733.0,0.7048993263127384,0,0,-1,0,0,-0.0074478649453824,-0.4015443318703275,0.063570932615909,0.5608776826226657,0.0165912518853694,0.0145509282488709,-0.1451319252369634,0.0365974282888228,0.0
2024-07-25,20.29,20.22,0.0099552838124376,-0.0053934918683968,0.0095936105658177,-0.6820791292712187,0.0034559402453981,20.088,19.7595,19.84233333333333,3,25,7,20.05986013905881,19.74645332214855,56.71641791044775,0.2035553978898043,0.2042297396953779,21.185978549657047,18.33302145034295,0.0160105729913981,0.0350668683790517,0.0290239544227453,-1661328.0,0.7437896631919799,0,0,-1,0,0,-0.0014836795252224,-0.5630764961513011,0.0566091564081511,0.556669277932834,0.0201106083459023,0.035732516590097,-0.8604961095157624,0.0216855593888615,0.0
2024-07-26,20.34,20.29,-0.0004954173992833,0.0,0.0114915079212533,-0.485390726618169,0.0024612367826906,20.047,19.811,19.850666666666665,4,26,7,20.11079465922993,19.784746656203485,59.02255639097745,0.2130621909897634,0.205996229954255,21.243508289679365,18.378491710320635,0.0132984326812044,0.0348476963235544,0.0290196204675423,-1657386.0,0.7385646614560327,0,0,-1,0,0,-0.0054213898472153,-0.6096467449282487,0.035287726386363,0.5531900294137491,0.0241691842900302,0.0533402382185397,0.7523823992736867,0.0103244837758112,0.0
2024-07-29,20.34,20.34,0.0054361389122604,0.0,-0.0135035810346735,0.6127556043270277,0.0,20.086,19.9645,19.865666666666662,0,29,7,20.152468357551765,19.820569452577452,63.821138211382106,0.2180824740055165,0.2084134787645073,20.77226429600152,19.15673570399848,0.0033996999031903,0.0237083896983757,0.0289489031555256,-1657386.0,0.9297266587759546,0,0,-1,0,0,-0.0024582104228122,-0.7066845542255775,0.0461701704930446,0.376359018766248,0.018018018018018,0.1777649102489866,0.6685974067527058,0.023598820058997,0.0
2024-07-30,20.29,20.34,-0.0114003713039339,-0.0001524206616532,0.010020123916763,-0.7507180505822725,-0.0024612367826905,20.124,20.045,19.876,1,30,7,20.17747411072417,19.85085529434665,57.27272727272727,0.2155418698269109,0.209839156976988,20.59285706933574,19.497142930664257,0.0034606522183869,0.0163700251940355,0.0289489817007922,-1660820.0,0.8943938618773526,0,0,-1,0,0,-0.0137659783677483,-1.3319077716831478,0.0426012456565817,0.2598660937156796,0.0074478649453821,0.0861884368308349,-0.8795559431990948,0.0136471168063085,0.0
2024-07-31,20.33,20.29,0.0138616080866245,0.0001524206616531,-0.0014966328560625,1.1551287656709377,0.0019694738025317,20.168,20.081,19.891666666666666,2,31,7,20.2052060905925,19.88176785600171,52.763819095477366,0.2142859335635947,0.2107285122943094,20.60249178728971,19.55950821271028,0.0033079292560407,0.0123772575680013,0.0289197315174642,-1649919.0,0.9549527186002292,0,0,-1,0,0,0.0024642681123706,-0.3871841727480146,0.037287676667078,0.1964828726275425,0.0054401582591492,0.0367159612442631,-0.9388446216806744,0.0152484013772749,0.0
2024-08-01,20.33,20.33,-0.0004917629801587,-0.0004917629801587,-0.0080150604140333,-0.2203724196756561,0.0,20.212,20.1075,19.898666666666667,3,1,8,20.227895892302957,19.91068605884031,35.61643835616434,0.2108599329748024,0.210754796430408,20.622695415148048,19.59230458485196,0.0033079292560407,0.0122443459823348,0.0288326262399692,-1649919.0,0.8637499226815099,0,0,-1,0,0,0.0,-0.6053119955115568,0.030965273041561,0.1943729666153445,0.0019714144898963,0.0267676767676765,-0.5948165038637208,0.0226217412690603,0.0
2024-08-02,20.11,20.33,-0.0243975257835284,-0.0044367832209905,-0.0015159874069668,0.5416326266805237,-0.0108804238556944,20.237,20.1165,19.89933333333333,4,2,8,20.2064602755206,19.923545022786097,59.09090909090911,0.1882229247303115,0.2062484220903887,20.62488340276864,19.60811659723136,0.0052231137223118,0.012472910486729,0.0289079242337387,-1664950.0,-0.0255712517938244,0,0,-1,0,0,-0.0241023118544022,0.2790178754643255,0.079948954017381,0.1980013156383285,-0.0113077679449361,0.0090316106372303,-1.722847867566225,0.019890601690701,0.0
2024-08-05,19.56,20.11,-0.012170535620255,-0.0019782400121057,-0.0172856362870255,0.6277522841445727,-0.0277305391778894,20.195,20.1015,19.875333333333334,0,5,8,20.08892204360776,19.900090505186995,37.410071942446,0.1244677424905482,0.1898922861704206,20.657246060904274,19.54575393909572,0.0101649407744711,0.0139324310929786,0.0292907679904416,-1693109.0,-1.9487317611173085,0,0,-1,0,0,-0.0253605171556438,1.993643719707792,0.1905183923946257,0.2211704869833922,-0.0383480825958703,-0.0151057401812688,-1.4600624720034876,0.0357873210633946,0.0
2024-08-06,19.62,19.56,0.0035650661644961,-0.0114514569794352,0.0051151006667704,-0.3457914232452147,0.0030627895305459,20.143,20.0995,19.854333333333333,1,6,8,20.00366349022453,19.88202015001364,40.55944055944059,0.077884990109073,0.1674908269581511,20.662180614278032,19.53681938572197,0.0097312212133034,0.0137745909238758,0.0292987976286871,-1673182.0,-1.7043416383386067,0,0,-1,0,0,0.0056237218813907,0.7776567801058315,0.203734246814197,0.2186648519773379,-0.0330211927057663,-0.0020345879959308,-1.406514709308723,0.0188583078491334,0.0
2024-08-07,19.71,19.62,0.0065873052995218,-0.0085492097272341,0.0055965549281573,-2.540363236776963,0.0045766670274118,20.092,20.0865,19.847,2,7,8,19.950270128365524,19.870922075819216,44.07894736842108,0.0476804406351654,0.143528749693554,20.67327620588225,19.499723794117752,0.0097789783610738,0.0133198840283213,0.0291709239809457,-1671611.0,-1.2832831196142744,0,0,-1,0,0,0.0091743119266054,-1.5402931282632486,0.2113910846889191,0.2114466037869575,-0.0304968027545498,-0.0130195292939407,-1.3190460615071498,0.004566210045662,0.0
2024-08-08,19.71,19.71,-0.0152674721307884,0.0,-0.0107116555949277,2.342882443228912,0.0,20.034,20.061,19.851,3,8,8,19.90658465048088,19.86054000641153,44.96644295302019,0.0234725407267184,0.1195175079001869,20.667348866056923,19.45465113394308,0.0096038735652093,0.0129617749603466,0.0289916320642838,-1671611.0,-1.1577493408457982,0,0,-1,0,0,-0.0106544901065449,0.3731640160662581,0.2113910846889191,0.2057617985703675,-0.0304968027545498,-0.0252225519287833,-1.3190460615071498,0.015220700152207,0.0
2024-08-09,20.03,19.71,0.0288116972385455,0.0229665611200478,0.0015372793188863,0.5999807028508726,0.016105028513098,20.003,20.025,19.875,4,9,8,19.9290238049389,19.871472909223687,51.479289940828416,0.0297658095650952,0.1015671682331685,20.53731158282321,19.512688417176783,0.0112904274802891,0.0120084337474983,0.028985985858226,-1641809.0,0.0195193712874842,0,0,-1,0,0,0.0182648401826483,1.8877830690082595,0.2559251599233908,0.1906279759876566,-0.0039781203381401,-0.0346987951807228,-1.381481191489714,0.036445332001997,0.0
2024-08-12,19.29,20.03,-0.0288116972385457,-0.0204444916873378,-0.1000834585569825,0.4961012820552791,-0.0376443227600892,19.898000000000003,19.992,19.94233333333333,0,12,8,19.81283765858637,19.83395852798345,31.27753303964758,-0.0246741172374882,0.0763189111390372,20.600625716806302,19.38337428319369,0.0158694604960037,0.0117510299842317,0.0221183987361733,-1690753.0,-2.306836469821436,0,0,-1,0,0,-0.0264603095356965,3.071688723213856,0.3199469737008428,0.1865418179228421,-0.0138036809815951,-0.0330827067669172,-1.6898842369267528,0.1130119232763089,0.0
2024-08-13,19.34,19.29,-0.0108276386520635,-0.0203569370687441,0.0725706928348353,-0.4237228766817293,0.0025886631075105,19.803,19.9635,19.964333333333336,1,13,8,19.72686717520703,19.802090235855488,30.35714285714293,-0.0630566910316758,0.0484437907048945,20.638100076458628,19.28889992354137,0.0160447813595479,0.0117878821465629,0.0165474377374492,-1658714.0,-1.8485026069760249,0,0,-1,0,0,0.0,1.3804458935790465,0.3194327367967611,0.1871268278636632,-0.0142711518858308,-0.028628829733802,-1.6765902759230955,0.0232678386763184,0.0
2024-08-14,19.15,19.34,0.0025886631075105,-0.0056715800393069,-0.0063358184490858,0.2263905603462763,-0.0098727743984932,19.685,19.9265,19.949,2,14,8,19.62198223426029,19.76001989805836,25.8474576271187,-0.1075666084939968,0.0172417108651163,20.69298960579356,19.16001039420644,0.015935802346204,0.0119369590144418,0.0138887125296103,-1698893.0,-2.026120104253938,0,0,-1,0,0,0.0,1.7813204182528624,0.3150580421627155,0.1894933497755025,-0.0284119736174531,-0.0372046254399196,-1.0547926539301462,0.0240208877284595,0.0
2024-08-15,18.67,19.15,-0.0151083884524382,-0.0072652109914124,-0.0203324286330754,0.1597774264348903,-0.0253847580730236,19.519,19.8655,19.91133333333333,3,15,8,19.44889455530388,19.6896960336675,20.07168458781368,-0.1795038189446032,-0.0221073950968275,20.81625537835648,18.91474462164352,0.0168586855664606,0.0130034100006686,0.0144314142941131,-1746033.0,-2.5148424657173067,0,0,-1,0,0,-0.0052219321148823,1.951345097365505,0.3365668775436964,0.206422734345477,-0.0527650938609842,-0.0613373554550024,0.0138923324784097,0.0374933047670058,0.0
2024-08-16,18.9,18.67,-0.0158733491562902,-0.0046985207815541,0.0080754140055453,-0.9810272644121724,0.0122439645119652,19.398000000000003,19.817500000000003,19.877,4,16,8,19.349095545248627,19.638747902463145,26.15894039735096,-0.2154716753495549,-0.060780251147373,20.861759999889163,18.77324000011084,0.0180296172519157,0.0134511757218707,0.0145845978894492,-1728359.0,-1.7572252122984515,0,0,-1,0,0,0.0042849491162291,-0.0789553738493852,0.3175026326620826,0.2135307948089985,-0.0564153769345981,-0.0483383685800604,-0.1669986698237443,0.0243386243386243,0.0
2024-08-19,18.87,18.9,0.0121920407653619,-0.0068259650703997,0.0032119941961737,-0.0386460225992689,-0.0015885626851377,19.329,19.762,19.844,0,19,8,19.26198726429433,19.589151263594555,26.333333333333343,-0.2435892645517299,-0.0973420538282444,20.884921002986164,18.63907899701384,0.016414329146246,0.013306949001626,0.0145804164270605,-1745363.0,-1.5887137165088565,0,0,-1,0,0,0.0042328042328043,-0.1214854904664161,0.2234826711575492,0.2112412666039314,-0.0217729393468116,-0.0555555555555555,-0.6203002529761319,0.0143084260731319,0.0
2024-08-20,18.83,18.87,-0.0074035240335648,-0.0047531116683635,0.0038780931282582,-0.3814956858516746,-0.0021220167113979,19.25,19.6965,19.816333333333333,1,20,8,19.18344412533172,19.540173762717487,25.0,-0.2660336519374624,-0.131080373450088,20.877886785452667,18.51511321454733,0.0162663538694596,0.013065786126336,0.014493122415013,-1756974.0,-1.4669200818392254,0,0,-1,0,0,-0.0015898251192369,-0.513473764986343,0.2167117076496586,0.2074129246430592,-0.0263702171664943,-0.0650446871896723,-0.3866391623659817,0.0056983536909188,0.0
2024-08-21,18.8,18.83,-0.0021253993123134,0.0094837380989093,-0.000676382815839,1.0321446167449295,-0.0015944728331574,19.159,19.6255,19.77733333333333,2,21,8,19.11372701163505,19.492420616735718,24.752475247524785,-0.2829797257930941,-0.1614602439186893,20.844498294545705,18.406501705454293,0.0160201967588334,0.0129621694829329,0.0141287236837652,-1789567.0,-1.3543907381882676,0,0,-1,0,0,-0.0015932023366966,0.8724469811931808,0.2136358290973468,0.2057680614222682,-0.0182767624020886,-0.0702274975272007,-0.9943104072773048,0.0159574468085106,0.0
2024-08-22,18.95,18.8,0.0074192179220286,-0.0014325935800422,0.0042530632956024,-0.8359388975281945,0.0079470616925317,19.083,19.5585,19.735,3,22,8,19.083958464065034,19.45742573823664,30.40540540540539,-0.2810659121381853,-0.1853813775625885,20.77100111231639,18.345998887683606,0.0164671354131107,0.0131291008680547,0.0139924720471392,-1775439.0,-1.0037104194279962,0,0,-1,0,0,0.0074468085106383,-0.4353994837844037,0.1064860536128461,0.2084180150085313,0.0149973219068022,-0.0660423854115327,0.8356808251719307,0.0101688654353561,0.0
2024-08-23,19.35,18.95,0.0071024894125884,0.0339348097116573,0.0105541876786901,-0.0396341621449465,0.0208884879473555,19.015,19.509,19.688333333333333,4,23,8,19.132329652416846,19.45049504544718,46.26334519572958,-0.2444546232388837,-0.1971960266978475,20.666763724645637,18.351236275354367,0.0171824615959781,0.0141816534237681,0.0136640173766265,-1761860.0,-0.2746674414050509,0,0,-1,0,0,0.0065963060686015,-0.5235733723751178,0.1598535598765728,0.2251267688339898,0.0238095238095239,-0.0486725663716813,1.4559853241243057,0.0335917312661497,0.0
2024-08-26,19.2,19.35,0.0215229363489487,-0.0107171222244734,0.0007766012543073,-0.3159897245761135,-0.007782140442055,19.006,19.452,19.663333333333338,0,26,8,19.14463335197742,19.43433407477317,42.75862068965514,-0.2249505692780218,-0.2027469352138824,20.54810986771643,18.355890132283573,0.0127391290713047,0.014218630584171,0.0118817945731173,-1771760.0,-0.4598079214905795,0,0,-1,0,0,0.0072351421188628,-0.8068891600961883,0.1799906989561929,0.225713763057682,0.0174880763116056,-0.056047197640118,1.0797758429355822,0.0221458333333331,0.0
2024-08-27,19.63,19.2,-0.0254625343530289,0.0112246076451595,-0.0034047236605768,-0.0347378469366326,0.0221487292546338,19.035000000000004,19.419,19.654,1,27,8,19.232881833436068,19.44695768285232,48.7654320987654,-0.1728040817670582,-0.1967583645245176,20.446473139615648,18.391526860384356,0.0146508390833418,0.0152939468722606,0.0126365218845285,-1762198.0,0.4107163328453105,0,0,-1,0,0,-0.0104166666666666,-0.8763355946434448,0.2127278907937548,0.2427838799318154,0.0424853956452468,-0.0325283390832922,-0.082633658046251,0.0361691288843607,0.0
2024-08-28,19.6255,19.63,0.019286498252464,0.0045558165358606,0.019286498252464,0.5284481384833553,-0.0002292672374424,19.08255,19.383775,19.64518333333333,2,28,8,19.304266954629508,19.45847654202313,48.697796270611775,-0.1303382686827738,-0.1834743453561688,20.324377856794825,18.44317214320517,0.014125309736334,0.0152752584895943,0.0126360233077203,-1778418.0,0.5139788769591777,0,0,-1,0,0,-0.0132450331125826,-0.4017365924003193,0.2088654272318996,0.2424872110541692,0.043909574468085,-0.0346532218396458,-0.1255902150294861,0.0219102698020432,0.0
2024-08-29,19.61,19.6255,0.0102723039890803,0.0070458268332026,-0.0043201081249291,-0.3943678482144593,-0.0007901008426722,19.17655,19.347775,19.63585,3,29,8,19.359854781060506,19.468252248989387,42.85714285714282,-0.096818463346846,-0.1661431689543043,20.185365684799688,18.51018431520031,0.0104645305108574,0.015271788566931,0.012636052262956,-1789352.0,0.6261411564354066,0,0,-1,0,0,-0.002827953427938,-0.8180223019873122,0.2197660020758863,0.2424321277395545,0.0348284960422162,-0.0354156419085095,0.3956411709130031,0.0333248342682305,0.0
2024-08-30,19.54,19.61,-0.0076943185448059,-0.0103340554188819,0.002252923926264,0.3139037611853593,-0.0035759935936182,19.24055,19.319275,19.62518333333333,4,30,8,19.39260845723132,19.472881136151365,55.50660792951543,-0.0750372088717306,-0.1479219769377896,20.083214889823285,18.55533511017672,0.0104313813426438,0.0151289849986363,0.0126479156147953,-1804318.0,0.5778596011030572,0,0,-1,0,0,-0.0096889342172359,-0.5089850188554425,0.1869661675874008,0.2401651913713111,0.0098191214470282,-0.0283441074092491,1.870197988777233,0.0207267144319345,0.0
2024-09-03,19.62,19.54,-0.0025779854442744,0.0007597822323204,0.0020671841986651,-1.2124275282448684,0.0040858075225803,19.31555,19.322275,19.61318333333333,1,3,9,19.433952374098357,19.482372675754505,56.08695652173917,-0.0507352321875593,-0.1284846279877435,20.09065357137444,18.553896428625563,0.0102842052104887,0.0138632760006993,0.0126183287461905,-1799866.0,0.7749435267759851,0,0,-1,0,0,-0.0087001023541452,-1.183040635224225,0.1657005180710153,0.2200726839270027,0.021875,0.0030674846625768,1.8716086829233016,0.019367991845056,0.0
2024-09-04,19.23,19.62,0.0092498090124703,0.0,-0.0093361673992959,0.6396288751945673,-0.0200778945365287,19.35555,19.302775,19.58285,2,4,9,19.39687012426229,19.466090567641317,51.60000000000004,-0.0622281537918389,-0.1152333331485626,20.0590395370504,18.5465104629496,0.0126988563859097,0.0145498367201002,0.0129894591478284,-1808306.0,-0.1924591103632572,0,0,-1,0,0,-0.0035677879714577,-0.8290007910204703,0.1468494362948775,0.2309714974678857,-0.020376974019358,-0.0198776758409786,-1.741825247144387,0.0291211648465937,0.0
2024-09-05,19.62,19.23,-0.0149448800613952,-0.0030425986960966,0.0,0.9530019189231518,0.0200778945365286,19.43755,19.298275,19.562850000000005,3,5,9,19.437439192578235,19.476020208438648,69.70954356846471,-0.0394123156893044,-0.100069129656711,20.045352215413185,18.551197784586808,0.0138124533225657,0.0152669685768718,0.0135535615559063,-1786417.0,0.8612898194788773,0,0,-1,0,0,0.0015600624024961,0.0778497168390058,0.2295716139074077,0.2423556127694438,-0.0002802476370027,-0.004566210045662,0.0607608198192766,0.0254841997961264,0.0
2024-09-06,19.6,19.62,0.0164782307323846,-0.0045813264145626,0.0005209690141271,-0.2709947576577666,-0.0010198879007454,19.50255,19.292775,19.53985,4,6,9,19.466995703018554,19.48401890466841,65.90909090909096,-0.0226829574529681,-0.0845918952159624,20.028624847026197,18.556925152973804,0.0138438582217447,0.0152682574885756,0.0135283398329917,-1803110.0,0.8350208979225796,0,0,-1,0,0,-0.0020387359836902,-0.3207818347732917,0.2296288883485218,0.2423760736084253,-0.0005099439061702,-0.0055809233891425,0.0765037045201231,0.0204081632653062,0.0
2024-09-09,19.67,19.6,-0.001021972495693,0.0055965549281573,0.0144780191806532,-0.1554994593864179,0.0035650661644961,19.534550000000003,19.274775,19.517516666666666,0,9,9,19.503905575197,19.49601768501239,67.85714285714283,-0.0037333695760324,-0.0684201900879764,19.94979145009199,18.59975854990801,0.0123954167731846,0.0148078161845821,0.0135398009012021,-1788821.0,1.1710084989666298,0,0,-1,0,0,-0.0020408163265307,-0.4486385336904865,0.2282634738199425,0.2350667945061695,0.0066530194472878,-0.017973040439341,-0.4080178132562338,0.0116929334011184,0.0
2024-09-10,19.7,19.67,0.0020429016298003,0.0045558165358606,-0.0041152321451066,0.3191469676385207,0.0015240033429749,19.58455,19.295275,19.49618333333333,1,10,9,19.53955910697936,19.50917783436643,69.50672645739913,0.0135488815477913,-0.0520263757608229,19.99662763860933,18.593922361390675,0.0119476081743421,0.0121205736674443,0.0135466502285803,-1769160.0,1.1541269761314563,0,0,-1,0,0,-0.0035587188612099,0.0915750794443933,0.227085780492719,0.1924081420289745,0.0040774719673801,0.0212545360290306,-0.2374682976367263,0.0203045685279188,0.0
2024-09-11,19.95,19.7,0.0050890695074712,0.0100503358535015,0.0007728971143481,-0.3651905397321218,0.0126105075919297,19.61655,19.325775,19.48485,2,11,9,19.614184723892205,19.537617974084725,73.46938775510199,0.046877723521753,-0.0322455559043077,20.08590840068843,18.56564159931157,0.0104667179091229,0.012392329368564,0.0137699790391853,-1755514.0,1.642409080918314,0,0,-1,0,0,0.0,-0.3832574566351514,0.1406395592593103,0.1967221300441349,0.0374414976599062,0.031540847983454,0.8510817638406497,0.0293233082706767,0.0
2024-09-12,20.35,19.95,0.018607527064304,0.017348638334613,0.0331801996246162,-0.0520418176325065,0.0198517685527315,19.689,19.385775,19.48551666666667,3,12,9,19.747969319548165,19.59002971769216,75.9259259259259,0.1043646769370063,-0.0049235093360449,20.26724545058993,18.504304549410072,0.0119217943329742,0.0127351459881692,0.0142671658056624,-1742560.0,2.187764772726492,0,0,-1,0,0,0.006015037593985,-0.3676648375524597,0.1393127771930039,0.2021641751687868,0.0372069317023444,0.0626631853785901,0.8324970911256211,0.0137592137592138,0.0
2024-09-13,20.43,20.35,-0.0024943889211722,0.0068560503622041,-0.017080774362847,0.0859751241413372,0.0039234969409265,19.771,19.473775,19.48885,4,13,9,19.871974897812134,19.644221348808795,72.68907563025203,0.1545967381377053,0.0269805401587051,20.404410915863338,18.54313908413665,0.0118174588695517,0.0108716726081708,0.0142839574448499,-1728443.0,2.0549926855400225,0,0,-1,0,0,-0.0162162162162163,-0.1030925210418526,0.1241540843537225,0.1725824523391989,0.0423469387755102,0.0942688805570433,1.016830679402373,0.0371953010279,0.0
2024-09-16,20.34,20.43,0.0069686693160934,-0.0067577750930966,-0.0096817418307631,-0.393354842523394,-0.0044150182091168,19.851,19.545775,19.496516666666665,0,16,9,19.9570703709372,19.689110294046937,74.5689655172414,0.185011068273436,0.0585866457816513,20.51164992243537,18.579900077564623,0.0118810365945167,0.0108874724000379,0.0141597656216182,-1737969.0,1.6445711169256307,0,0,-1,0,0,-0.0132158590308369,-0.8142134738078141,0.1530605799693034,0.1728332662594802,0.0340620233858666,0.0761904761904763,0.464768027047986,0.03992133726647,0.0
2024-09-17,20.345,20.34,0.0039604012160969,-9.827526910764092e-05,0.0351971978046281,-0.6360237592840804,0.0002457908332392,19.9235,19.619525,19.522683333333337,1,17,9,20.0276030307668,19.731425758947136,68.86543535620052,0.2071304315618434,0.0882954029376897,20.59335636306256,18.64569363693744,0.0119428385132953,0.0108479604165246,0.0131501133156533,-1732926.0,1.4899396908279576,0,0,-1,0,0,-0.0049164208456244,-1.4012864934538745,0.1560564048658272,0.1722060329663809,0.032741116751269,0.0781664016958132,0.5104018107987852,0.0054067338412387,0.0
2024-09-18,20.695,20.345,-0.0017307458888277,0.0194653347881032,-0.0114286958236226,0.474973412867832,0.0170569437470424,20.07,19.712775,19.558516666666662,2,18,9,20.14894793426374,19.793591839015065,73.86744030350371,0.2500201842059049,0.1206403591913327,20.724707620754685,18.70084237924532,0.0092656407706343,0.0111469233067332,0.0134616164522368,-1724817.0,1.9412853778099768,0,0,-1,0,0,-0.0068812976161219,-0.8617888115518763,0.1699960323848857,0.1769519217187563,0.0373433583959901,0.099044078597982,0.3075389346506433,0.0357574293307561,0.0
2024-09-19,20.83,20.695,0.0246865768770559,0.0101173215617158,0.0183218791989365,0.6947490538616311,0.0065021300721847,20.191,19.814275,19.59585,3,19,9,20.27277558257942,19.860456881659257,75.84745762711863,0.2915432646625788,0.154820940285582,20.84771837430496,18.780831625695043,0.0080883835379605,0.0110495479485374,0.0134797327772572,-1708573.0,1.9657100238958347,0,0,-1,0,0,0.0007248127567045,0.7844253186705608,0.1287188130941615,0.1754061358290844,0.0235872235872234,0.1079787234042553,0.8732136908264835,0.027892462794047,0.0
2024-09-20,20.975,20.83,-0.0101917892631302,0.0108658040417845,0.0058708583497838,-0.2618349783144307,0.0069369970803893,20.3285,19.915525,19.63801666666667,4,20,9,20.40045274938316,19.932362889294144,79.46611909650926,0.3323201138561309,0.1903207749996918,20.988475161936744,18.842574838063253,0.0076997587650236,0.0110384056752756,0.0135052137852225,-1696071.0,1.974882035690421,0,0,-1,0,0,-0.0158425348055688,-0.0299552276416191,0.129374844670139,0.1752292577245407,0.0266764561918748,0.1068601583113457,0.4966175470330087,0.032896305125149,0.0
2024-09-23,20.97,20.975,-0.004399909322609,-0.0104365273663792,-0.004399909322609,-0.2537627460002835,-0.0002384074394414,20.4585,19.996525,19.66935,0,23,9,20.504006794949856,19.9993072190171,78.60169491525416,0.360081803522231,0.2242729807041996,21.13246270562153,18.860587294378465,0.0079684525087418,0.0104290492643924,0.0132457716383232,-1705771.0,1.7139584242735502,0,0,-1,0,0,-0.0269368295589988,-0.6061584234250343,0.1118678682746684,0.1655560245865405,0.0309734513274335,0.0837209302325581,1.060860014926971,0.0267048164043871,0.0
2024-09-24,20.83,20.97,0.0189280098855188,-0.0066985896409479,0.0136303481767972,-0.5232739172925587,-0.0066985896409479,20.5715,20.078025,19.720683333333334,1,24,9,20.563278286777155,20.05290030166116,87.91469194312785,0.3665608275794625,0.2527305500792522,21.20721355238716,18.948836447612845,0.0088991963280822,0.0103674098392832,0.0112025499671984,-1711519.0,1.3318856242569754,0,0,-1,0,0,-0.0081068192656174,-1.369323340538744,0.1416658451287117,0.1645775290477658,0.0238387810272793,0.0848958333333333,0.19191333575936,0.0067162746039364,0.0
2024-09-25,20.82,20.83,0.0014412685656082,0.0047892811850277,-0.003258065133766,0.1333574039333486,-0.0004801920860577,20.6585,20.137525,19.770016666666667,2,25,9,20.60995496190858,20.1023906047798,84.68208092485547,0.3666619338627157,0.275516826835945,21.292428754249265,18.98262124575073,0.0087105361016889,0.0094695652882041,0.0112168854270241,-1718087.0,1.1818733768748335,0,0,-1,0,0,0.0,-1.1325148733903871,0.089958429870746,0.1503246886588664,0.006040106305871,0.0606214977075905,-0.3690178171601345,0.0147550432276656,0.0
2024-09-26,21.25,20.82,-0.0086789358658388,0.0151733589125174,-0.000620864962417,0.1194057540652022,0.0204428321836028,20.7485,20.21875,19.840016666666667,3,26,9,20.72632678701611,20.17642992060045,88.55140186915884,0.3968646589124134,0.2997863932512387,21.44813099528952,18.989369004710483,0.0088328428655629,0.0102176861966341,0.0114381462863835,-1710686.0,1.6776735673502758,0,0,-1,0,0,-0.0081652257444765,-0.8700844783371042,0.1661342323139634,0.1622007399047478,0.0201632261161786,0.0827749611474868,1.16456778151007,0.0301176470588235,0.0
2024-09-27,21.44,21.25,0.0309917533083377,0.0140189211793309,0.0249174367255975,0.0883953668137408,0.0089014408321753,20.8495,20.31025,19.93235,4,27,9,20.85608555301318,20.257950570884297,89.1592920353982,0.4311617835648853,0.326061471313968,21.618722291201543,19.001777708798457,0.0089464278558412,0.0102075931947827,0.0101142251020588,-1702601.0,1.7268229638437,0,0,-1,0,0,0.0023529411764706,-0.6916729369119794,0.1688963729001416,0.1620405184674628,0.0221692491060787,0.093319734829169,0.9541929876512828,0.019589552238806,0.0
2024-09-30,21.2,21.44,0.0209066848193136,0.0092379409849363,-0.0037932714995748,0.797245304188837,-0.0112571545246345,20.9355,20.39325,20.00901666666667,0,30,9,20.91861545246533,20.31872795340789,80.36437246963555,0.4339739264286137,0.3476439623368972,21.706587552313152,19.07991244768685,0.0099319825422434,0.0106580586763334,0.0104079078967951,-1720545.0,1.228549352874418,0,0,-1,0,0,0.0144589552238805,1.2359132353797009,0.2025668453524291,0.1691914362978759,0.0109680495946591,0.0849539406345956,0.6764355786701937,0.0330188679245282,0.0
2024-10-01,21.59,21.2,-0.03509131981127,-0.0020711087831362,-0.0023781224049674,-0.9939932426593304,0.0182290628487491,21.06,20.49175,20.09968333333333,1,1,10,21.040685370198904,20.40074550480093,81.41762452107272,0.4623427115619805,0.3705837121819139,21.855438014173373,19.128061985826623,0.0107547033707681,0.0111244844976623,0.0106813310306239,-1713904.0,1.6107056578710586,0,0,-1,0,0,-0.0094339622641509,-1.0339655840380648,0.210999641056436,0.1765957166676479,0.0364858377340375,0.1004077471967379,-0.5264512285892547,0.0326540064844834,0.0
2024-10-02,21.5,21.59,0.0350913198112701,0.0020711087831363,0.0071174677688639,-0.4749851475856351,-0.0041773093930988,21.1405,20.60525,20.188683333333334,2,2,10,21.12419712107183,20.471665149652488,74.99999999999993,0.4721206177312886,0.3908910932917888,21.903039517440742,19.30746048255926,0.0104006833270199,0.0097568821071443,0.0107319001982094,-1718034.0,1.3788830746058998,0,0,-1,0,0,0.0074108383510884,-1.4283536800479546,0.2209192436660815,0.1548857017612794,0.0326609029779059,0.1180447217888716,-0.3525052860164242,0.0279069767441861,0.0
2024-10-03,21.51,21.5,-0.012026046880274,0.0,0.0159478051621321,0.019897576023938,0.0004650081460216,21.2085,20.69975,20.27901666666667,3,3,10,21.19434309905877,20.5386544948362,74.21524663677127,0.4751987992858026,0.4077526344905916,21.97042936657196,19.429070633428044,0.0104055136149275,0.0091809697009006,0.0106982266528717,-1713821.0,1.2753020491485498,0,0,-1,0,0,-0.0004651162790698,-1.3351646067853098,0.1827836759325238,0.1457433757380124,0.0122352941176471,0.0963302752293577,0.3903698501233953,0.0120874012087401,0.0
2024-10-04,21.65,21.51,0.0071867702395247,0.0105191914407821,0.0004652244791981,1.3632441209107788,0.00648751116886,21.276,20.80225,20.369016666666667,4,4,10,21.277189808320813,20.610354204846768,78.72807017543852,0.4833632002269681,0.4228747476378669,22.02938819836841,19.575111801631586,0.0103886289291442,0.0090902244416393,0.0106853569740632,-1697353.0,1.381669971853467,0,0,-1,0,0,0.0062761506276149,1.2085244968633893,0.1781296602673324,0.1443028394060317,0.0097947761194028,0.1045918367346936,0.5786454537672396,0.0221709006928406,0.0
2024-10-07,21.79,21.65,-0.0058568034786598,-0.0082229791804319,-0.0149955949603567,-0.1165692959758838,0.0064456945080297,21.358,20.90825,20.45035,0,7,10,21.370428024989756,20.686460385179235,79.91718426501028,0.4954194892808488,0.4373836959664633,22.088955743456737,19.72754425654326,0.0103568922047827,0.0090889071107836,0.0102253232044142,-1682697.0,1.4935982227350064,0,0,-1,0,0,-0.006069284064665,0.8257370590922788,0.1344867508064376,0.1442819274270012,0.0278301886792453,0.1077783426537872,0.7444233479056664,0.0284534189995411,0.0
2024-10-08,21.57,21.79,0.0066234303121222,-0.0063688620676371,0.0173184763764963,-0.9281995158172872,-0.0101476885554634,21.432,21.00175,20.529350000000004,1,8,10,21.40671383862798,20.743462940974123,69.14660831509843,0.4816696360976387,0.4462408839926984,22.07044460459707,19.933055395402924,0.0107919690325973,0.0096860702334518,0.0103268230808441,-1688490.0,1.0634469334001126,0,0,-1,0,0,-0.0058926112895823,-0.93933203660773,0.1132476580960575,0.1537615981153131,-0.000926354793886,0.0949238578680202,-0.5217721809062534,0.005173852573018,0.0
2024-10-09,21.63,21.57,-0.0047013616866097,0.004072649807287,-0.006050751530154,0.2940058981335955,0.0027777795639023,21.513,21.08575,20.596016666666667,2,9,10,21.4473113225138,20.80065888026612,68.0995475113122,0.4701941712264919,0.4510315414394571,22.066878646535606,20.10462135346439,0.0107056044672927,0.0095015282427402,0.0097211132340488,-1680717.0,1.1094365696522308,0,0,-1,0,0,-0.0004636068613816,-0.4345876018896468,0.1084136978551905,0.1508320848320832,0.0060465116279069,0.0842105263157895,-1.5125701461347183,0.0152565880721219,0.0
2024-10-10,22.3,21.63,0.0101523714640181,0.0267650361063614,0.0085997043642937,0.5419831593427997,0.0305054385011057,21.618,21.18325,20.685166666666664,3,10,10,21.60234562751129,20.89739056541024,74.22303473491769,0.5092923777094818,0.4626837086934621,22.241089282390565,20.12541071760943,0.0127965094558568,0.0107050485072917,0.0109268229263315,-1667352.0,2.1113793344416267,0,0,-1,0,0,0.0069348127600555,0.831364364695825,0.236111077975892,0.1699373767390632,0.0367271036727103,0.0958230958230956,0.9928656516687452,0.0329596412556053,0.0
2024-10-11,22.35,22.3,0.0191001713734192,0.0035746240029592,0.0240093846790617,-0.4891151373950893,0.0022396425935048,21.709,21.27925,20.7765,4,11,10,21.738282786145604,20.991107303125705,74.82014388489212,0.5381095779145646,0.4777688825376825,22.396103074255457,20.162396925744545,0.0127370969960282,0.0107175870861182,0.0108918495580419,-1659157.0,1.917441111426068,0,0,-1,0,0,-0.0044843049327354,-0.2819666034015506,0.2389683963096624,0.1701364205072776,0.0323325635103928,0.0939794419970632,1.2254786649838043,0.0129753914988815,0.0
2024-10-14,22.215,22.35,-0.0027063615977429,-0.0031270965844359,-0.0058871552604274,-0.3697470255060851,-0.0060585846717061,21.8105,21.373,20.865666666666662,0,14,10,21.82495864321004,21.070068122278887,74.95495495495497,0.5437856227713702,0.4909722305844201,22.47253291518677,20.273467084813223,0.0121332657726019,0.0107954836473623,0.0109634958498711,-1664819.0,1.5315594255893163,0,0,-1,0,0,-0.0093959731543624,-0.8118950878572357,0.254953054292613,0.1713729900815118,0.0195043597980726,0.0921828908554571,1.5986146353281951,0.0157506189511592,0.0
2024-10-15,22.46,22.215,-0.002260909848465,0.0089087448891094,0.0022656030903241,0.8768071795190135,0.0109682129224253,21.8975,21.47875,20.96033333333333,1,15,10,21.940420708080943,21.159741146647992,77.24252491694348,0.5615798388526692,0.50509375223807,22.56877595333669,20.388724046663317,0.0114152096793688,0.0108423867430025,0.0110309466026988,-1651212.0,1.8004158469737097,0,0,-1,0,0,-0.0056268287193337,0.9093885601154136,0.2237072359301486,0.1721175536422092,0.0412610106629578,0.1039567461292703,1.2780910657180649,0.0222617987533392,0.0
2024-10-16,22.27,22.46,0.0063177105440793,-0.008237829063876,0.00813012608325,-1.1118545757590426,-0.0084954680410209,21.9745,21.5575,21.061666666666664,2,16,10,22.00034421570259,21.231370750090058,68.41155234657035,0.5539647108382724,0.5148679439581104,22.6366346435675,20.47836535643249,0.011830161377701,0.0108422839690901,0.0103330638410554,-1655688.0,1.3205025049414674,0,0,-1,0,0,-0.010240427426536,-1.1066052489219629,0.2531493044451243,0.1721159221569284,0.0295885344429034,0.0761053394539743,1.134232156643829,0.0060619667714413,0.0
2024-10-17,22.46,22.27,0.0085106896679086,0.0042387124254858,0.0022466870829781,0.488870547564577,0.0084954680410208,22.0695,21.639,21.156333333333333,3,17,10,22.083917994665757,21.31063715331005,68.41155234657035,0.556842149449917,0.5232627850564717,22.732899831842687,20.54510016815731,0.011868575872563,0.0108787600923204,0.00994764740483,-1648390.0,1.501051515141048,0,0,-1,0,0,0.0067355186349349,-0.4051154824547341,0.1367485610561709,0.1726949626620832,0.0071748878923767,0.0782525204032646,-0.109654693689475,0.0080142475512021,0.0
2024-10-18,22.25,22.46,-0.007162071796615,0.0,-0.0081887325710309,-0.27759337065846,-0.0093939406980479,22.1295,21.70275,21.244666666666667,4,18,10,22.114114722908344,21.371241207935213,69.16058394160581,0.5359986366875304,0.5258099553826835,22.782230747494243,20.62326925250576,0.0125920545364844,0.0112371626860785,0.0102213815169971,-1653919.0,1.0139134047000078,0,0,-1,0,0,-0.0089047195013356,-0.7437019981173022,0.1559843693835551,0.1783844274560307,-0.0044742729306488,0.0607866507747316,0.5781402472795714,0.016256179775281,0.0
2024-10-21,22.175,22.25,-0.005405418566908,-0.0049096282507192,0.0018852447924384,0.2027894969150928,-0.0033764804166059,22.168,21.763,21.328166666666668,0,21,10,22.125184773288645,21.42309661387488,62.061855670103085,0.5075770966407909,0.522163383634305,22.804109731817167,20.72189026818283,0.0126585671715716,0.0113064997777709,0.0103162634779205,-1660691.0,0.7914631616801655,0,0,-1,0,0,-0.004943820224719,-0.4126895883627611,0.1514832144211833,0.1794851196635335,-0.0018005851901867,0.0574630424415834,0.4102436167699549,0.0094701240135287,0.0
2024-10-22,22.095,22.175,-0.0027137058715963,-0.0035858397903017,-0.0045269429957771,-0.1786661078794702,-0.0036141896129399,22.2205,21.82625,21.408,1,22,10,22.11969663269071,21.46644521943134,62.31884057971008,0.4731433875256421,0.5123593844125724,22.77862031165746,20.873879688342544,0.0121351087830828,0.0111905421974195,0.0104018709889038,-1666355.0,0.5643813056966838,0,0,-1,0,0,-0.0042841037204059,-0.673388328252776,0.1131714703951097,0.1776443501420776,-0.0162511130899377,0.0607297167546807,1.4578366234117892,0.0104095949309798,0.0
2024-10-23,22.08,22.095,0.0004527960231312,-0.007662872745569,-0.0301084541799393,0.3642556012893552,-0.0006791171738087,22.2655,21.88925,21.479,2,23,10,22.11247906311058,21.506029398822868,61.77685950413214,0.4395768816659036,0.4978028838632387,22.720325872146084,21.05817412785392,0.0121746108336208,0.0111938944613449,0.0102974194006354,-1674508.0,0.459043527536,0,0,-1,0,0,-0.0002262955419777,-0.1042013948614063,0.1036964770734435,0.1776975656821324,-0.0085316569375842,0.0605187319884725,0.9124466680438216,0.0323233695652175,0.0
2024-10-24,22.15,22.08,-0.0144543473618439,0.0045146803545266,0.0179201399654074,-0.3912770180732273,0.0031652750822501,22.2505,21.93425,21.539,3,24,10,22.11930105163593,21.547575889221395,60.63829787234038,0.4138529596200584,0.4810128990146026,22.71555979771165,21.15294020228835,0.0068761645751671,0.010397152917319,0.0098079471447246,-1668995.0,0.5522777280712532,0,0,-1,0,0,-0.0139039855072463,-0.7012867039865123,0.0727540178971846,0.1650496857740147,-0.0138023152270704,0.0423529411764704,-0.2925292289010683,0.0192776523702031,0.0
2024-10-25,22.36,22.15,0.0046737621734962,0.0071813594086645,0.0030724808065224,-1.9776061873052264,0.0094361517957537,22.2515,21.98025,21.60333333333333,4,25,10,22.163064496793037,21.599990347981304,61.77685950413219,0.4057347533491544,0.465957269881513,22.74723641310975,21.213263586890253,0.0075616980828396,0.0104164493143957,0.0098806151359684,-1668232.0,0.9902391841865896,0,0,-1,0,0,-0.0124153498871331,-1.6039026255641031,0.0868711890931793,0.1653560065812026,0.0049438202247191,0.0429104477611939,1.1049534732055564,0.0232558139534883,0.0
2024-10-28,22.22,22.36,0.0201387052694321,-0.0017905107737882,0.0072993024816115,1.3097133264091334,-0.0062808640754144,22.252,22.03125,21.666,0,28,10,22.173416406467027,21.63999097069219,63.88888888888879,0.383582486289626,0.4494823131631357,22.710404854057373,21.35209514594262,0.0075818297328308,0.0101384471734783,0.0099346317248158,-1671059.0,0.5558378884355482,0,0,-1,0,0,-0.0017889087656529,-1.105885867147994,0.0977701649602398,0.1609428594083363,0.0020293122886132,0.0481132075471697,0.7124584107346729,0.0144014401440144,0.0
2024-10-29,22.2,22.22,-0.0121705356202551,-0.0053908486348764,-0.0103120780939939,0.6477382761504754,-0.0009004953332502,22.226,22.06175,21.72783333333333,1,29,10,22.178249787109383,21.676120585486245,62.39130434782603,0.3602599695188822,0.431637844434285,22.711626708955112,21.411873291044888,0.0065273924513007,0.0094295025818145,0.0099477742512043,-1676462.0,0.4254653170207652,0,0,-1,0,0,-0.0076507650765075,-0.4620958406515629,0.0924889140291356,0.1496887129111371,0.0047522063815343,0.0282538212135248,0.5080813554748478,0.0191756756756756,0.0
2024-10-30,22.22,22.2,0.0076801823186287,0.0009004953332501,0.0103120780939938,-0.9154582078910072,0.0009004953332501,22.221,22.09775,21.778666666666663,2,30,10,22.185840734907675,21.711209579971005,47.575757575757535,0.3394772572965792,0.4132057270067438,22.69417333075921,21.50132666924079,0.0060127199746092,0.0093386179725835,0.0095814241527698,-1674299.0,0.4099437218339015,0,0,-1,0,0,0.0009009009009008,-1.1927739618109492,0.0913965126941677,0.1482459644669657,0.006340579710145,0.0334883720930232,0.2614318570071427,0.0099009900990098,0.0
2024-10-31,21.8,22.22,0.0060438055678177,0.0060438055678177,-0.0091324835632724,3.087969607718548,-0.0190828144164404,22.155,22.11225,21.811,3,31,10,22.11568787401537,21.716937994166425,36.38613861386141,0.2858215453583455,0.3877288906770642,22.660678136634925,21.563821863365074,0.007624290683918,0.0104143940003432,0.0103029681772801,-1721739.0,-1.1387088996415051,0,0,-1,0,0,0.0060621062106211,3.85079460942919,0.1662679219425576,0.165323379482108,-0.0158013544018057,0.01348210134821,-0.675799239734157,0.0254449541284403,0.0
2024-11-01,22.25,21.8,-0.0082965661510814,0.0042540244089615,0.0045766670274116,-2.179755789270038,0.0204320388172059,22.155,22.14225,21.8535,4,1,11,22.14010826055803,21.751329091316983,50.74946466809422,0.2764238047188918,0.3654678734854297,22.64820896442739,21.63629103557261,0.0102683903780056,0.0112720015941758,0.0108387041554656,-1716375.0,0.4259238696242623,0,0,-1,0,0,0.0169724770642202,-0.353576811066256,0.2273049839432555,0.1789374779766772,-0.0049194991055455,0.0277136258660508,0.5712239123040534,0.0247191011235955,0.0
2024-11-04,21.9,22.25,-0.0122533868057651,-0.008948605576014,0.0,1.05576083125877,-0.0158553717897941,22.1275,22.14775,21.884500000000003,0,4,11,22.09645221318384,21.76092076284492,38.524590163934405,0.2379905457595583,0.3399724079402555,22.639786316588857,21.65571368341114,0.011406309065289,0.0118287678693131,0.0113091172871566,-1731792.0,-1.0070394873190514,0,0,-1,0,0,-0.0157303370786517,0.669061571545635,0.2501567102075225,0.1877758685910832,-0.0144014401440144,0.0050481872418539,0.7024086752506622,0.0159817351598174,0.0
2024-11-05,22.05,21.9,0.0,0.0,0.0,-0.4546201958301626,0.0068259650703998,22.123,22.17175,21.925166666666662,1,5,11,22.088006356241323,21.779571036209767,45.4166666666667,0.2171326870790615,0.3154044637680167,22.585771039384305,21.75772896061569,0.011636895379327,0.0116490832940996,0.0112409540761634,-1722007.0,-0.5881343623553745,0,0,-1,0,0,0.0,0.0743128515021229,0.2597269304024368,0.1849234643883882,-0.0067567567567566,0.0222531293463144,0.236939885647264,0.0158730158730159,0.0
2024-11-06,22.09,22.05,0.0,-0.0049560813317583,0.0,-0.5428435876192315,0.0018124155391707,22.124,22.194750000000003,21.9675,2,6,11,22.088368836924715,21.799598711293008,41.77777777777776,0.2015074965222183,0.292625070318857,22.52460602920097,21.864893970799034,0.0116508314814631,0.0116440246048371,0.0112315828883764,-1716321.0,-0.6351255743528231,0,0,-1,0,0,-0.0068027210884354,-0.3333960716879716,0.2602832082057252,0.1848431601858971,-0.0058505850585057,0.0212667591308368,0.1815039959807089,0.0108646446355818,0.0
2024-11-07,22.12,22.09,0.0045558165358608,0.0037688600094059,0.0022805026987253,-0.3801121266306154,0.0013571592221082,22.121,22.18575,21.9965,3,7,11,22.09411995748386,21.82026976217733,46.85990338164255,0.1893623187751494,0.2719725200101155,22.5133292391086,21.858170760891408,0.0116119084962856,0.0092927151709094,0.0106670046950067,-1712433.0,-0.4014295910749392,0,0,-1,0,0,-0.0040742417383431,-0.4682592252456637,0.2071291018727379,0.1475172800807006,0.0146788990825688,-0.0080717488789237,-0.1879099389096273,0.012368896925859,0.0
2024-11-08,22.44,22.12,0.0045351551653913,0.0101358268983664,0.0022753138371356,0.790256153088789,0.0143629040003616,22.129,22.19025,22.02983333333333,4,8,11,22.157007237941336,21.86025235816589,55.72354211663067,0.2032159565086395,0.2582212073098203,22.52959107977267,21.85090892022733,0.0121617942660433,0.0098579940109978,0.0108479911711255,-1703864.0,1.4719703265358508,0,0,-1,0,0,-0.0009041591320072,0.0071429650171887,0.1763130922000306,0.1564908034743872,0.0085393258426966,0.0040268456375838,-0.9593756008849956,0.0200534759358288,0.0
2024-11-11,22.44,22.44,0.0134833503372869,-0.0004455335337676,0.0077020808596413,-0.2503812659596033,0.0,22.151000000000003,22.201500000000003,22.071166666666667,0,11,11,22.208460467406542,21.89765543183261,57.71812080536917,0.2117540948296508,0.2489277848137864,22.558742362078448,21.84425763792156,0.0119385186748064,0.0097471365448256,0.0105828306883226,-1703864.0,1.335227987030424,0,0,-1,0,0,-0.001782531194296,-0.1917893946748023,0.0943822033343931,0.1547309957555881,0.0246575342465755,0.0101282916948008,1.3728474952882077,0.0120276292335115,0.0
2024-11-12,22.2,22.44,-0.0112234623698495,-0.0044662870134409,-0.0099773946967769,1.814362232196708,-0.0107527917762618,22.151,22.1885,22.0915,1,12,11,22.206922200605355,21.917161533004705,52.43902439024392,0.1968850682169964,0.2385192414944284,22.524421356711603,21.852578643288396,0.01250468291445,0.0097282697310028,0.0103542919541328,-1744805.0,0.0684684064900022,0,0,-1,0,0,-0.0129233511586453,2.551668011773999,0.1417996009770716,0.1544314943711441,0.0068027210884353,-0.0115761353517365,0.2745380636828939,0.0175675675675675,0.0
2024-11-13,21.45,22.2,-0.0067950431328286,-0.0153363402827387,-0.0347659578432135,0.8081772165498018,-0.0343676435042077,22.074,22.1475,22.08983333333333,2,13,11,22.06929998231347,21.887022079262465,38.85350318471341,0.1231627816319616,0.2154479495219351,22.61567113380317,21.679328866196837,0.0164398397823265,0.0121582941826356,0.0121228606834108,-1836669.0,-2.9796796497635047,0,0,-1,0,0,-0.0090090090090089,3.542343945669713,0.2864724313271728,0.1930069366441043,-0.0289723856948845,-0.0368208352043107,-0.9511355545593628,0.0372960372960373,0.0
2024-11-14,21.57,21.45,-0.0183491386681964,-0.0139929001275071,0.0047105858620728,-2.6655749540844447,0.0055788150270391,22.051,22.103,22.091833333333334,3,14,11,21.978518167347385,21.86656904189069,37.04918032786888,0.0735722404997325,0.1870728077174946,22.61339097500705,21.592609024992957,0.0156805107743839,0.0120440891840318,0.0121658356425946,-1830279.0,-2.088594924675697,0,0,-1,0,0,0.006993006993007,-0.3581819879827147,0.2945418014329063,0.1911939884953867,-0.0248643761301989,-0.0396260017809438,-1.0320867158332496,0.0182753824756605,0.0
2024-11-15,21.1,21.57,-0.0088352120885278,-0.0131914506292172,-0.015618922626211,1.5034860204175713,-0.0220304199190441,21.936,22.0455,22.0735,4,15,11,21.81878759146604,21.817112974671936,33.43195266272194,-0.0036120551508709,0.1489358351438215,22.7191616361351,21.3718383638649,0.0149110436322869,0.0127470282396451,0.012740457603872,-1859017.0,-2.8070471859566646,0,0,-1,0,0,-0.0074177097821047,0.6050085249067998,0.2541833853625116,0.2023528000633118,-0.0597147950089126,-0.0516853932584269,-0.373881078709105,0.0208530805687204,0.0
2024-11-18,21.4,21.1,-0.0122181971093045,0.0088352120885278,0.0085470605784583,-1.1594413645385582,0.0141178815457848,21.886000000000003,22.00675,22.0605,0,18,11,21.742644393017667,21.79020246017697,39.07103825136611,-0.0401112947044666,0.1111264091741638,22.735918776939453,21.277581223060547,0.0155528959626096,0.0132844402531646,0.0129690145025563,-1850003.0,-1.6642237550179242,0,0,-1,0,0,0.0023696682464453,-0.2953322554550491,0.3107037103741298,0.2108839512994183,-0.0463458110516935,-0.0349492671927847,-0.0197999619113699,0.0210280373831777,0.0
2024-11-19,21.25,21.4,0.0117510165355187,-0.0060413604721305,-0.0142859572474764,0.531424081474887,-0.0070340266573799,21.806,21.9645,22.04983333333333,1,19,11,21.65307268519627,21.755350688552653,37.20316622691294,-0.0802162682042393,0.0728578736984832,22.76643122162112,21.16256877837888,0.0152721791041521,0.0133319398546843,0.0129024912023131,-1865339.0,-1.7819483285751625,0,0,-1,0,0,0.0,-0.0301723129376684,0.3107562940610574,0.2116379840973924,-0.0427927927927928,-0.038243946594252,-0.20737305847854,0.0291717647058822,0.0
2024-11-20,21.35,21.25,-0.0070340266573799,-0.0032610321901831,0.0190029471256152,-0.8591703556207806,0.0046948443042078,21.732,21.928,22.0405,2,20,11,21.59796856061513,21.72919903122668,43.51585014409224,-0.102746190254443,0.0377370609078979,22.77308735144905,21.082912648550955,0.0154124562394355,0.0134112437543426,0.0129237086568565,-1858844.0,-1.3679059306920651,0,0,-1,0,0,0.0,-0.4297273733134519,0.2210840917346612,0.2128968944763524,-0.0046620046620046,-0.0330615942028984,-0.8545918049208328,0.0070257611241217,0.0
2024-11-21,21.39,21.35,0.0,0.0097652484909888,0.0,0.5786785077617767,0.0018717834196806,21.659,21.89,22.01016666666667,3,21,11,21.560156095048743,21.70731522276044,35.94771241830067,-0.1160360586384534,0.0069824369986276,22.76100667711514,21.01899332288486,0.0154305928092986,0.0133901184736637,0.0115054375032511,-1847259.0,-1.1480968243688978,0,0,-1,0,0,-0.0046838407494145,-0.212404963282215,0.2157585753194677,0.2125615410420357,-0.0083449235048678,-0.0343115124153498,-0.6865082355517396,0.0168302945301542,0.0
2024-11-22,21.7,21.39,0.0,0.0137869830885806,0.0,0.9307391506330268,0.0143887374520994,21.585,21.857,21.9885,4,22,11,21.585582259585333,21.706843272904926,46.68874172185431,-0.1003966557069695,-0.0144933815424917,22.70267257568362,21.011327424316377,0.0154339364863086,0.0136538633489853,0.0118486324084858,-1817875.0,-0.3713020961406608,0,0,-1,0,0,-0.0065451145395044,0.5413690580493729,0.1435342066653483,0.2167483611400485,0.0284360189573458,-0.0295169946332737,-0.4335102274621265,0.0304147465437788,0.0
2024-11-25,21.55,21.7,0.0255530744246174,-0.0027422320657759,0.0093677500036,-1.0970480349400946,-0.0069364439966569,21.496,21.823500000000003,21.96633333333333,0,25,11,21.579112757842545,21.69672435207235,41.72185430463574,-0.0989652527753826,-0.0313877557890699,22.661675336512037,20.98532466348797,0.0154275292741218,0.013666817868818,0.0118627032338575,-1827685.0,-0.6526080835022924,0,0,-1,0,0,0.0046082949308756,-0.3811087376125306,0.1425135135957504,0.2169540077670375,0.0070093457943927,-0.03015301530153,0.6233532811802059,0.0185614849187936,0.0
2024-11-26,21.52,21.55,-0.0194540641981442,-0.0115076068514798,-0.0032687397771267,-0.7085558059127903,-0.0013930812561732,21.428,21.7895,21.935,1,26,11,21.568364983689357,21.68532278097091,40.531561461794006,-0.0991091364868168,-0.0449320319286193,22.61848733404088,20.960512665959115,0.0152538043698367,0.0136662370151056,0.0116451866155314,-1832515.0,-0.6501908748987149,0,0,-1,0,0,-0.0078886310904873,-0.6110786350463884,0.1262030344236784,0.2169447870002109,0.0127058823529411,-0.0306306306306306,0.6649821104458142,0.0102230483271376,0.0
2024-11-27,21.54,21.52,0.0042007062937905,-0.0023174981403625,0.0042007062937905,-0.7264064026985007,0.0009289364346588,21.437,21.7555,21.910666666666668,2,27,11,21.563207713927653,21.675947117682465,40.333333333333286,-0.0964969754460689,-0.0552450206321092,22.565710498964183,20.94528950103582,0.0107570308124349,0.0136664978698975,0.0115737009280455,-1830179.0,-0.531960522050775,0,0,-1,0,0,-0.0023234200743494,-0.7277036237784689,0.1249873340428202,0.2169489279416578,0.0088992974238875,-0.0306030603060305,1.153896222228115,0.0037140204271124,0.0
2024-11-29,21.6,21.54,0.0037192046590671,0.0023174981403624,0.0013963232429274,1.5408730315378891,0.0027816429618769,21.44,21.7455,21.882,4,29,11,21.56989722048626,21.67104730363844,34.67153284671532,-0.088564405109917,-0.0619088975276708,22.55833066146076,20.93266933853924,0.0106444686550684,0.0130568203998573,0.0114567009010118,-1819273.0,-0.3580081483110314,0,0,-1,0,0,0.0004642525533891,-0.2573105961117615,0.1251894807539116,0.2072705981475447,0.0098176718092566,-0.0091743119266054,1.0334645497655603,0.0046296296296296,0.0
2024-12-02,21.45,21.6,-0.0121383376443688,-0.0013898542890544,-0.009815456228229,-0.1063186532748283,-0.0069686693160934,21.475,21.7055,21.85533333333333,0,2,12,21.548097725852397,21.65678618727467,32.87197231833908,-0.0933059593467184,-0.0681883098914803,22.49211098524332,20.91888901475668,0.0079267535244044,0.0121444922948769,0.0114062664289891,-1829079.0,-0.6496222524046439,0,0,-1,0,0,-0.0143518518518519,-0.3237621322188965,0.0709755628805889,0.1927878384683071,-0.0115207373271889,-0.0359550561797753,-0.1432376179667484,0.0130536130536131,0.0
2024-12-03,21.43,21.45,0.0042184266915111,-0.0032505252674479,-0.0018758776636819,0.7332264967522651,-0.0009328358885402,21.478,21.682,21.8305,1,3,12,21.52662541206105,21.642154820353724,35.5805243445693,-0.0975529780867034,-0.0740612435305249,22.472219156810112,20.89178084318989,0.0065997375105493,0.0116907655689277,0.0113986291200718,-1849493.0,-0.6377977497211158,0,0,-1,0,0,-0.0032634032634032,0.1867746513733514,0.0580483720215404,0.1855851499880356,-0.005568445475638,-0.0214611872146118,-1.1154608763679494,0.011661222585161,0.0
2024-12-04,21.445,21.43,-0.0037488328815196,-0.0004652244791981,0.0023454714736732,-0.8918060326587396,0.0006997084833581,21.4975,21.65175,21.80883333333333,2,4,12,21.51178442804995,21.62943515452445,49.87080103359176,-0.0985721183748751,-0.078963418499395,22.428865279668944,20.874634720331056,0.0061006666889783,0.0115530008428713,0.0113927583715754,-1841125.0,-0.5320960876951909,0,0,-1,0,0,-0.0060662622491833,-0.4025758141582856,0.0592962989939986,0.183398202760543,-0.0034851301115241,-0.027437641723356,-1.5618658624773578,0.0088598740965258,0.0
2024-12-05,21.835,21.445,0.0032809966156768,0.0159264762831053,0.0018761731582277,0.2233347376258522,0.0180226689686805,21.546,21.639,21.800666666666665,3,5,12,21.57055089567723,21.64269740261965,56.00907029478459,-0.0671361500151839,-0.0765979648025527,22.393890023360107,20.88410997663989,0.0081669442013926,0.012340401947628,0.0119158167140393,-1830663.0,0.5192809387719327,0,0,-1,0,0,-0.0034973187223128,-0.312953324722252,0.1484961893027944,0.195897807792006,0.0136954503249768,-0.0115436849253055,1.3738421357779316,0.0226700251889169,0.0
2024-12-06,21.38,21.835,0.0051481666925241,0.0028354542000805,-0.0028155814001636,0.8604695997312526,-0.0210582813406252,21.545,21.602,21.775,4,6,12,21.53590527828137,21.6257491830958,56.39269406392688,-0.0780380420408946,-0.0768859802502211,22.329674016084404,20.87432598391559,0.01096927975962,0.013136222221728,0.0124679384618204,-1855398.0,-0.6101633288888699,0,0,-1,0,0,-0.0162445614838562,0.3441180131754415,0.2238280652692439,0.2085310629934371,-0.0101851851851852,-0.0334538878842677,0.2019464803655568,0.0288587464920485,0.0
2024-12-09,21.645,21.38,-0.0088987571181923,-0.0115751602436609,-0.0014107691030178,-0.5617607995841029,0.0123185752970448,21.5395,21.56225,21.751166666666663,0,9,12,21.55574068223021,21.626991171283173,55.68445475638052,-0.0645504868810817,-0.0744188815763932,22.174953027575512,20.94954697242449,0.0106776352140771,0.013010278606316,0.0125642147850141,-1841294.0,0.2701145457937284,0,0,-1,0,0,-0.0042095416276894,-0.2006602433248983,0.2383634982975389,0.2065317700798581,0.009090909090909,-0.0354278074866311,-0.7766725434575321,0.0182490182490182,0.0
2024-12-10,21.66,21.645,0.009815456228229,0.0011543346543238,0.0,-0.7203137811690715,0.0006927606789007,21.5505,21.52325,21.7325,1,10,12,21.574696921824717,21.629120773135877,60.14851485148512,-0.0520511147543771,-0.06994532821199,21.980211071703952,21.066288928296043,0.0104141976223437,0.0130160245036384,0.0125280137474776,-1834431.0,0.5985192545617865,0,0,-1,0,0,-0.0066990066990066,-0.564054476036285,0.2374232773821775,0.2066229833721015,0.0107326178254782,-0.03475935828877,-0.8920186179960113,0.0193905817174516,0.0
2024-12-11,21.37,21.66,0.0018587365946253,-0.0060171438200253,-0.0296105682872654,1.301056409687693,-0.0134791722417882,21.535500000000003,21.48175,21.704833333333333,2,11,12,21.537479299674764,21.612403303901303,50.4524886877828,-0.0647988874214426,-0.0689160400538805,21.81354376917499,21.149956230825005,0.0113157708137537,0.0131276038473122,0.0127380709134558,-1859640.0,-0.6736112029943403,0,0,-1,0,0,-0.0055401662049861,0.4079373425854053,0.2628398336807822,0.208394250540977,-0.0034973187223128,-0.0373873873873873,-0.1455183467935253,0.0425830603649976,0.0
2024-12-12,21.3,21.37,0.0101801324434873,0.0101801324434873,0.0225267133988605,-0.5174855931929196,-0.0032809966156768,21.5115,21.47425,21.674166666666668,3,12,12,21.49430124518845,21.592248252036704,47.99107142857144,-0.0796320553238842,-0.0710592431078813,21.81570624671581,21.1327937532842,0.0113290323594769,0.0107808247471872,0.0127372487706249,-1874665.0,-1.0206285676479685,0,0,-1,0,0,0.0182686008423022,0.1900612906561102,0.2037741151812872,0.1711402872553694,-0.0245019464163041,-0.0069930069930069,0.1296565086020676,0.0310046948356807,0.0
2024-12-13,21.4,21.3,-0.0403426452009644,-0.016700882143924,-0.0167267938053136,0.6310593423416961,0.0046838493124262,21.4915,21.46575,21.660833333333336,4,13,12,21.47715556424509,21.57984513900208,42.61083743842365,-0.0823687873805134,-0.0733211519624077,21.805630396920325,21.125869603079675,0.0114168297141385,0.0107568081498378,0.0123369920892558,-1846424.0,-0.3869008074355921,0,0,-1,0,0,-0.0187793427230047,1.6015481054181369,0.1518257181162995,0.1707590355918229,0.0009354536950421,-0.0078813166434864,-0.3203931213831964,0.0303738317757008,0.0
2024-12-16,20.97,21.4,0.0194272871397604,-0.0042144759172799,0.002406740030565,-0.2833831688222488,-0.0202980771139772,21.4435,21.45925,21.61816666666667,0,16,12,21.38494546165507,21.540500291324523,37.44588744588743,-0.1178762693350741,-0.082232175436941,21.831967968725305,21.086532031274697,0.0128600185025259,0.0105841099853299,0.0121654175570909,-1867696.0,-2.625309435298961,0,0,-1,0,0,-0.0042056074766355,0.880110695312751,0.1625571326672054,0.1680175372208307,-0.0311850311850312,-0.0061611374407584,-0.5100752863984478,0.0243204577968525,0.0
2024-12-17,21.0,20.97,0.0024044275527081,0.0024044275527081,0.0,-0.9676285631890114,0.0014295928095943,21.4005,21.43925,21.588166666666663,1,17,12,21.314955377717787,21.50562930478746,38.74458874458878,-0.1419590398768484,-0.0941775483249225,21.864570622094835,21.013929377905168,0.012907235506221,0.0100357915097781,0.0118931390824153,-1859613.0,-2.0655005996961107,0,0,-1,0,0,0.0186599904625656,-0.7544955562490054,0.1646200211356347,0.159313251267399,-0.0304709141274238,-0.0186915887850466,-0.5177439730364095,0.0267285714285713,0.0
2024-12-18,20.88,21.0,-0.0251866183903532,-0.0170584359398108,-0.0145281005629098,1.2885749967643654,-0.005730674708985,21.344,21.42075,21.549166666666668,2,18,12,21.235872581769097,21.46526612383343,36.30705394190875,-0.1687821901317789,-0.1090984766862938,21.908357208184903,20.9331427918151,0.0129203033408757,0.009998372483721,0.0118161807151401,-1888935.0,-2.217973774476896,0,0,-1,0,0,-0.0080952380952381,1.6537456754932047,0.1518081082458643,0.1587192426439028,-0.0229293401965372,-0.0174117647058823,-1.2888162210527918,0.0239463601532567,0.0
2024-12-19,19.75,20.88,-0.0086789358658388,-0.0168071183163812,-0.0372713947972316,0.298822973643665,-0.055638271667307,21.1355,21.34075,21.471166666666665,3,19,12,20.96571393053835,21.35460379326353,23.419540229885072,-0.278016485173314,-0.1428820783836978,22.233735972660604,20.4477640273394,0.0188650799583037,0.0154500565673348,0.0151712048605919,-1928469.0,-3.562765930713207,0,0,-1,0,0,-0.0110153256704981,2.2800922980222222,0.3806581916023513,0.2452620445142893,-0.0727699530516432,-0.0749414519906324,-1.473904376961359,0.0455696202531644,0.0
2024-12-20,19.6,19.75,-0.0516756791987868,-0.0156176917667864,-0.0076239251106592,-0.0293640521470314,-0.0076239251106592,20.9575,21.25125,21.387166666666666,4,20,12,20.7174023068041,21.24140354853685,23.4195402298851,-0.3723964429959068,-0.1887849513061396,22.43494126042232,20.06755873957768,0.0184664171834231,0.015412999238905,0.0151581155339178,-1966859.0,-2.790001168735267,0,0,-1,0,0,-0.0070886075949367,1.8445449082934688,0.3498380136951542,0.2446737776626231,-0.0841121495327101,-0.0836839644693782,-1.6105669177724846,0.0372448979591835,0.0
2024-12-23,19.7,19.6,0.0171895031276174,-0.011377812575225,-0.0097360170853105,-0.5674478897388364,0.0050890695074712,20.763,21.15125,21.29583333333333,0,23,12,20.532420069203354,21.14195815830867,25.702247191011224,-0.4341198123099481,-0.2378519235069013,22.501520440748106,19.8009795592519,0.0176767993654847,0.0149481671221988,0.0148601186336554,-1945093.0,-2.1495693843315617,0,0,-1,0,0,0.0178571428571427,0.3958006616430692,0.3811210156189059,0.2372947965694218,-0.0605627086313781,-0.0921658986175115,-1.9788220493917408,0.035020304568528,0.0
2024-12-24,19.6,19.7,0.0159128171280361,0.0084221453988784,-0.0005153284559885,-0.7855946053950128,-0.0050890695074711,20.557,21.05375,21.201166666666666,1,24,12,20.362889147530016,21.04247698680489,24.69135802469134,-0.4855085510909234,-0.2873832490237058,22.555860357568964,19.55163964243104,0.0174092039261034,0.0149395930805997,0.0148392634238648,-1955015.0,-1.9356101136973292,0,0,-1,0,0,0.0289340101522842,-0.6971636172762855,0.3690923192172696,0.2371586878786098,-0.0666666666666666,-0.0904872389791182,-1.9701328871033812,0.0443826530612245,0.0
2024-12-26,19.57,19.6,-0.0300473280629408,-0.0300473280629408,0.0087195607128124,-1.2221440277497484,-0.0015317848284867,20.377,20.95625,21.1135,3,26,12,20.21872748434274,20.947478471527155,15.525114155251105,-0.5226306848812463,-0.3344327361952139,22.57921633878903,19.33328366121097,0.0175412130749,0.0149380488179307,0.0147993071516777,-1957938.0,-1.7082917456369977,0,0,-1,0,0,0.0035714285714285,-1.3188374263909837,0.3757727498260902,0.2371341734687222,-0.0627394636015324,-0.0906133828996281,-2.0048568229326387,0.0051098620337251,0.0
2024-12-27,19.34,19.57,-0.0020356241125981,-0.0020356241125981,-0.0164867206741915,2.226554169967895,-0.0118222913828365,20.181,20.84625,21.043166666666664,4,27,12,20.058958850825874,20.84377018304153,16.66666666666663,-0.5641066508436765,-0.3803675191249064,22.59590222108195,19.096597778918053,0.0174590083976391,0.0149588136545534,0.0137868334145094,-1985028.0,-1.7217707403229725,0,0,-1,0,0,0.0030659172202349,0.8013962387583438,0.1013315575529683,0.2374638050310342,-0.020759493670886,-0.1021355617455895,0.5428096518275152,0.0196483971044466,0.0
2024-12-30,19.25,19.34,-0.0148835182632213,-0.0148835182632213,-0.0026007817000573,-0.3165682819361533,-0.004664429291355,19.966,20.72875,20.96583333333333,0,30,12,19.911875423402986,20.74094630026466,8.492201039861271,-0.597352987129419,-0.4237646127258089,22.57806530715108,18.879434692848918,0.0168564398540662,0.0148401515169382,0.0136840956386056,-2004767.0,-1.5992405343554408,0,0,-1,0,0,0.0,0.0648938311711502,0.097133806619617,0.2355801019940194,-0.0178571428571429,-0.1087962962962963,0.2065466388167258,0.0072727272727273,0.0
2024-12-31,19.9,19.25,-0.0051840447875879,0.0285442417052984,0.0,0.2717624179526818,0.0332086709966533,19.859,20.65125,20.925833333333337,1,31,12,19.909716255511533,20.68669170024759,24.999999999999915,-0.5647413931979699,-0.4519599688202412,22.50321019907219,18.79928980092781,0.0214058194142972,0.0172478791060872,0.0148594398660469,-1978864.0,-0.8113025327178902,0,0,-1,0,0,-0.0005194805194806,0.587101404279629,0.2867231655686557,0.2738015925480828,0.0101522842639594,-0.0722610722610722,1.9920884721015413,0.0351758793969848,0.0
2025-01-02,19.8,19.9,0.0387408283164306,0.0164469194492074,0.0307716586667536,-1.0859910412392948,-0.005037794029957,19.739,20.56975,20.8725,3,2,1,19.88976784541853,20.629485784102584,26.42642642642636,-0.5407324077166535,-0.4697144565995237,22.420876186378138,18.71862381362186,0.0212868728909373,0.0172388392160544,0.0145544838887185,-1987608.0,-0.831655892142144,0,0,-1,0,0,0.0050251256281407,-0.9969218718312663,0.2866423738419685,0.2736580887426466,0.0102040816326529,-0.076061595893607,1.991509772812741,0.0217171717171717,0.0
2025-01-03,20.59,19.8,0.009950330853168,0.0244152752680341,0.0084791021120161,-0.5904205055315079,0.0391235833392085,19.71,20.527,20.8505,4,3,1,20.01708278261516,20.626938314160483,41.23456790123453,-0.4527398133057509,-0.4663195279407691,22.331933006483855,18.722066993516137,0.0257028328446055,0.019813961713163,0.0164480180669734,-1982763.0,0.0698086851685768,0,0,-1,0,0,0.0202020202020201,-1.3217037765560131,0.3865243903492899,0.3145368910799078,0.0521205927439958,-0.0398694334343669,0.5813767909226378,0.036979116075765,0.0
2025-01-06,21.0,20.59,0.0225168592843334,0.0176911140343326,0.033505852271831,1.0818226615842486,0.0197169166837248,19.835,20.48525,20.838833333333337,0,6,1,20.19579500395785,20.651006810021094,45.41284403669725,-0.3459337656811883,-0.442242375488853,22.199123651917485,18.77137634808252,0.0183423194474214,0.019909357306955,0.0168566052571692,-1968470.0,0.6006860534020068,0,0,-1,0,0,0.003399708596406,-0.4695591038614854,0.3337135528101828,0.3160512491839783,0.0858324715615306,-0.0382413556217082,-0.1311655568584867,0.0214761904761905,0.0
2025-01-07,21.0,21.0,-0.002908387895957,0.0051997280945702,-0.0023758162888014,-0.724631854853576,0.0,19.975,20.46625,20.825833333333332,1,7,1,20.342014094147338,20.67352249969716,50.381679389313,-0.2583115487026148,-0.4054562101316054,22.14645323018883,18.78604676981117,0.0178535633521552,0.0193969819342392,0.0168513124918597,-1968470.0,0.6353398093872441,0,0,-1,0,0,-0.0190476190476189,-1.0511129735308882,0.3160517746090698,0.3079175422992576,0.0909090909090908,-0.0177736202057997,-0.1179419987594447,0.029047619047619,0.0
2025-01-08,20.53,21.0,0.0149364376450068,-0.0142452551360489,-0.0171362822429873,-0.0001444147594393,-0.0226352066925806,20.058,20.4105,20.78683333333333,2,8,1,20.376193349756917,20.664262983587665,44.62242562929062,-0.2242108197455827,-0.3692071320544009,21.997426523022984,18.82357347697701,0.0201560064945871,0.0197158605526752,0.0170653242328657,-1975394.0,0.1506055866687048,0,0,-1,0,0,-0.0042857142857142,-0.9943501951427935,0.3810358047430975,0.312979583436043,0.0316582914572864,-0.0515130515130514,0.4189367395827863,0.0321480759863614,0.0
2025-01-10,20.3,20.53,-0.0266553217582202,-0.0188274931379734,-0.0124225199985572,0.1393097265097494,-0.0112663449831005,20.128,20.3425,20.745166666666663,4,10,1,20.362340013437475,20.640762145936844,43.52678571428572,-0.213286193699524,-0.3380229443834256,21.816525994200603,18.8684740057994,0.0205622537125546,0.0197951667538459,0.0171283412569739,-1983353.0,-0.0576651974486367,0,0,-1,0,0,-0.0082805650267901,-0.9112421805156372,0.3950552941894953,0.3142385303503809,0.0252525252525253,-0.0627885503231763,0.5160766937864703,0.025615763546798,0.0
2025-01-13,20.74,20.3,-0.0128523766172918,0.0106641824988123,0.0004998750416512,0.224574867239007,0.0214433167536395,20.245,20.311,20.719166666666663,0,13,1,20.431005465539748,20.647164588134466,63.06068601583115,-0.167196686755183,-0.3038576928577771,21.71797360914917,18.904026390850834,0.0212053363069025,0.0203755409101132,0.0176590065140368,-1973390.0,0.609819540622977,0,0,-1,0,0,-0.0098522167487684,-0.6622111688574421,0.3053437052959919,0.3234516844594944,0.0072850898494414,-0.0294805802526908,-0.0975185614812567,0.0351976856316295,0.0
2025-01-14,20.4,20.74,0.0172630674237805,0.0024078990685403,0.0148812269966511,0.7593122763308822,-0.0165293019512105,20.351,20.266,20.681166666666662,1,14,1,20.42536810816888,20.63121848567418,60.05025125628139,-0.1563038059668215,-0.274346915479586,21.5952087080191,18.936791291980896,0.0216829980625597,0.0206518453813967,0.017873009026601,-1994679.0,0.2016237167144328,0,0,-1,0,0,-0.0139826422372227,0.3253857467948082,0.2754986745166007,0.3278378819624017,-0.0285714285714286,-0.0422535211267606,1.1579020056700715,0.0235294117647059,0.0
2025-01-15,20.85,20.4,0.0099648554275379,0.0038406192191879,0.0168343623240554,-1.0769132145009968,0.0218190473946398,20.511000000000003,20.2385,20.656166666666664,2,15,1,20.502573906683637,20.64533342208229,63.27944572748272,-0.1100908218053788,-0.2414956967447446,21.48937379985273,18.987626200147265,0.0219290003607409,0.0213008139751978,0.0183774308290645,-1987427.0,0.9777165371470644,0,0,-1,0,0,0.0124901960784315,-0.8425465380434372,0.3408176591013543,0.3381399390097362,-0.0071428571428571,-0.0257009345794391,0.4551841736309868,0.0103213429256594,0.0
2025-01-16,21.03,20.85,0.0021859623549747,0.0175734752846285,0.0021859623549747,-0.1070166021528059,0.008596041469798,20.624,20.2415,20.64216666666667,3,16,1,20.59846956001388,20.67015062065763,66.21315192743765,-0.0582704972138721,-0.2048506568385701,21.500025034776037,18.982974965223963,0.0200357176832599,0.0209166361494138,0.0184240842585208,-1980911.0,1.2530541359319445,0,0,-1,0,0,-0.0071942446043166,-0.8302141384974675,0.2864528650196118,0.332041305092236,0.0243546030199708,0.0028612303290416,-0.2990541300444641,0.0256776034236804,0.0
2025-01-17,20.85,21.03,0.0143887374520996,-0.0113637586503149,0.007220247973487,-0.5197150279344884,-0.0085960414697979,20.729000000000003,20.234,20.62283333333333,4,17,1,20.644202367284088,20.681753806421654,64.03508771929828,-0.0313654509132454,-0.1701536156535052,21.47516074704292,18.992839252957086,0.0202759890321749,0.0210085917032717,0.0184828651128881,-1984786.0,0.9926192098285888,0,0,-1,0,0,-0.0014265335235378,-1.0285482576172298,0.2775338949657102,0.3335010542553122,0.0270935960591134,-0.0071428571428571,-0.3436351816207881,0.0071942446043164,0.0
2025-01-21,20.65,20.85,-0.0071684894786125,0.001902950146086,-0.0272257944070871,0.5692649373336156,-0.0096386288377688,20.735000000000003,20.2225,20.596333333333337,1,21,1,20.645256482323344,20.67970517374929,64.45916114790286,-0.025882973601778,-0.1412994872431597,21.44254098291825,19.00245901708175,0.0166204192791536,0.0210804459828958,0.0185504516479649,-1991633.0,0.7007961305979244,0,0,-1,0,0,0.0,-0.6898804305621157,0.2500134702931231,0.3346417055824378,-0.0043394406943104,-0.0110153256704981,0.8274393801870751,0.036319612590799,0.0
2025-01-22,19.75,20.65,-0.0218190473946398,-0.0308904870193384,-0.0269746624905924,1.1985543243484311,-0.0445618280599107,20.610000000000003,20.2225,20.526833333333336,2,22,1,20.48248257644637,20.619724194797723,54.6816479400749,-0.093087494527527,-0.1316570887000332,21.44254098291825,19.00245901708175,0.0201071825809828,0.0197559480302158,0.0197276488878409,-2014333.0,-0.7745641443450775,0,0,-1,0,0,-0.0121065375302663,0.92869334330563,0.3915234086879244,0.3136159524136049,-0.0318627450980391,0.0,-0.7333007711399977,0.0329113924050632,0.0
2025-01-23,19.35,19.75,-0.0389854467129535,-0.0313692636676451,-0.0204610718713399,0.0635744001345788,-0.0204610718713399,20.445,20.21,20.459166666666665,3,23,1,20.27657665345612,20.53780650481077,44.59724950884089,-0.1765886149733155,-0.1406433939546897,21.46160949013245,18.95839050986756,0.0204599140761536,0.0202157221872966,0.0197098454091172,-2038523.0,-1.3742305515900082,0,0,-1,0,0,-0.0065822784810126,1.3668399620864815,0.3046626844108402,0.3209146408869457,-0.0719424460431654,-0.0127551020408163,-0.6676771103127762,0.021705426356589,0.0
2025-01-24,20.01,19.35,-0.0005098139289622,0.0396680664823402,0.0025806465934914,-0.5357301232095757,0.0335397291198512,20.393,20.2255,20.404666666666667,4,24,1,20.228108171009552,20.503754472242345,51.85840707964603,-0.1873477422174723,-0.1499842636072462,21.45804934778976,18.99295065221024,0.0235941419744539,0.0216261377209312,0.0206747211845994,-2024366.0,-0.3496817395367392,0,0,-1,0,0,0.0134366925064598,0.1956799591325446,0.4475855668954302,0.3433042933705033,-0.0485021398002852,0.0157360406091371,0.7959528809628603,0.0584707646176912,0.0
2025-01-27,19.8526,20.01,0.0071138511388759,-0.0034185736656553,0.0178804252778485,0.9961280294359012,-0.0078971676721259,20.34826,20.23813,20.34442,0,27,1,20.159833958098723,20.461744506291225,42.65157252760393,-0.2061983662153999,-0.1612270841288769,21.448672185790763,19.02758781420924,0.0234777125753484,0.0216763502213385,0.0206895149296194,-2062700.0,-0.636954258224654,0,0,-1,0,0,-0.0129935032483758,2.488604944071942,0.4477117939095809,0.34410139210321,-0.0478369304556356,0.0128877551020407,0.7707764797079519,0.03776835275984,0.0
2025-01-28,20.01,19.8526,0.0050505157860685,-0.0101884102947668,0.0050505157860685,-1.981275414666164,0.0078971676721258,20.27526,20.26013,20.299086666666668,1,28,1,20.132591420262592,20.43259969943373,39.61131631967766,-0.2060614093338308,-0.1701939491698677,21.435014041041867,19.085245958958133,0.0223125029511275,0.0217245155420624,0.0206755497578535,-2057414.0,-0.4257952125695536,0,0,-1,0,0,-0.0001309652136242,-0.9185400032982926,0.464300852150107,0.3448659928659286,-0.0309927360774816,0.0224833929483905,0.175667022760399,0.0220889555222388,0.0
2025-01-29,20.05,20.01,0.0110221556750473,0.005308181145727,0.001007049430526,0.4989506269480083,0.0019970051569361,20.24026,20.29563,20.25742,2,29,1,20.117574798396664,20.40791584785736,40.11405261405263,-0.2004149455738115,-0.1762381484506565,21.393856783405685,19.197403216594317,0.0218717262478492,0.0215049684435406,0.0206865933467294,-2048708.0,-0.4473210883425749,0,0,-1,0,0,0.0029985007496251,-0.4904784489961331,0.3225734472427075,0.3413807907234014,0.0151898734177216,0.0367114788004137,0.7676889846638875,0.0264339152119699,0.0
2025-01-30,20.53,20.05,0.0069513686072827,0.0201389797967682,0.0090180971888527,0.7496959949452944,0.0236580772782641,20.20826,20.35963,20.228420000000003,3,30,1,20.19256119868818,20.41579224476979,50.0,-0.1554165486612753,-0.1720738284927803,21.34463889891792,19.37462110108208,0.0221038668207345,0.0219828710687404,0.0211874887927764,-2030283.0,0.3459258087661169,0,0,-1,0,0,0.0079800498753117,0.5749159819748298,0.2682991418547109,0.348967259706503,0.0609819121447028,0.0664935064935066,0.3042256548581081,0.0372625426205553,0.0
2025-01-31,20.36,20.53,0.0078856988231848,-0.0172021201234583,0.0069582785721678,-1.0420601191631884,-0.0083150393485203,20.14126,20.38263,20.208086666666667,4,31,1,20.223004617108508,20.412192745107223,50.63094136451584,-0.1319515191866536,-0.1640493666315549,21.34363960310669,19.421620396893307,0.0219034599923455,0.0209159840671946,0.0209317977839083,-2036782.0,-0.0470963035683361,0,0,-1,0,0,-0.0077934729663906,-0.6491399484344732,0.2111403773443015,0.332030953607918,0.0174912543728134,0.0231155778894471,0.9608961732713432,0.0132612966601178,0.0
2025-02-03,20.86,20.36,-0.0034423441909727,0.0260506771999425,0.0054334537229955,0.4365211523757344,0.0242612578903044,20.14226,20.43563,20.20342,0,3,2,20.33882195945241,20.44108353574547,51.24615768048518,-0.0721774759323317,-0.1456749884917103,21.37808556332499,19.49317443667501,0.0234230825145256,0.0214797925530577,0.0214354981980719,-2026726.0,0.9005623533120611,0,0,-1,0,0,-0.0029469548133594,-0.251285343024748,0.2257230145783479,0.3409811358518882,0.0507439831558587,0.0535353535353535,-0.1313260509896322,0.0335570469798657,0.0
2025-02-04,21.2,20.86,0.0272125635248845,0.0350913198112701,0.0272125635248845,0.0973331557127856,0.0161677321053404,20.197260000000004,20.46613,20.214086666666667,1,4,2,20.49539978500652,20.490045888278026,58.307717869901126,0.0025990818986336,-0.1160201744136415,21.46727494686419,19.46498505313581,0.0236386218967098,0.019928435648794,0.021609216945452,-2015642.0,1.4660614375543617,0,0,-1,0,0,0.0,-0.1726817170769691,0.2286194654867185,0.3163541084715789,0.059470264867566,0.0296260320543952,-0.675222715533178,0.0419811320754717,0.0
2025-02-05,21.66,21.2,0.0194641796395195,-0.0022876721990494,0.0189939233411755,-0.6850601565237203,0.0214660598948777,20.38826,20.49913,20.277753333333333,2,5,2,20.707145278641697,20.5655267987117,58.39413032664563,0.0978502416590956,-0.0732460911990941,21.611681512420702,19.386578487579296,0.017630468545209,0.0200183521218223,0.019280928670679,-2010055.0,2.086860674835924,0,0,-1,0,0,0.0033018867924528,-0.7520595950395889,0.2184909937904848,0.3177814882299845,0.080299251870324,0.0314285714285713,-1.9480532087829,0.0203277931671282,0.0
2025-02-06,21.5,21.66,0.0028169032711133,0.0118965313056864,-0.0080805372039428,1.132400475526739,-0.0074143064392274,20.60326,20.524130000000003,20.341086666666666,3,6,2,20.851300682525025,20.62581539234321,54.89094239094238,0.158598583446814,-0.0268771562699124,21.7044762134387,19.343783786561307,0.0155745436808872,0.0201200183913924,0.019276926342192,-2027392.0,1.6535318009061082,0,0,-1,0,0,-0.0152354570637119,0.539926320904624,0.2538686731316862,0.3193953902260212,0.0472479298587431,0.0238095238095237,-0.4602129919388205,0.0405162790697675,0.0
2025-02-07,21.71,21.5,0.007938402650358,0.0018198367169858,0.0099602370055202,-0.6913606939877053,0.0097200487565834,20.77326,20.58313,20.40808666666667,4,7,2,21.00742783115684,20.695762786385583,58.893852899809694,0.2211381836115862,0.0227259117063872,21.87719864065897,19.289061359341027,0.0132360981591464,0.0193937383855112,0.0193110207215573,-2018708.0,1.741592315267246,0,0,-1,0,0,0.0,-0.4696871033225377,0.2017689392375583,0.3078660525594599,0.0663064833005895,0.0574768631271309,-1.2670797558919034,0.0322432058959004,0.0
2025-02-10,21.84,21.71,-0.0013963232429275,0.009950330853168,0.0079495391753101,0.2799078038551824,0.0059701669865037,20.972,20.66013,20.48275333333333,0,10,2,21.158804589128323,20.769584542102645,62.487407656145066,0.2779867229587829,0.0737780739568663,22.06203805479724,19.25822194520276,0.0120301000701578,0.0191110687079775,0.0192486468373583,-2007219.0,1.6832344973874145,0,0,-1,0,0,-0.0110548134500231,-0.166395053269646,0.1761171765525613,0.3033788105398621,0.0469798657718121,0.0758620689655171,-0.7306229403240649,0.0343406593406593,0.0
2025-02-11,21.91,21.84,0.0152533579043536,-0.0022527605832637,0.0138762633557664,-0.1227347826996875,0.0032000027306708,21.162,20.71863,20.56075333333333,1,11,2,21.295385572923173,20.843159732934733,77.44739249771268,0.3249422825845514,0.1240109156824034,22.228091055581064,19.20916894441893,0.0121968192180416,0.018644282102554,0.0192228897242797,-1997057.0,1.5785369163318816,0,0,-1,0,0,-0.0018315018315017,-0.322662234329727,0.1675312797629067,0.2959688029001426,0.0334905660377358,0.0564127290260367,0.221600091674712,0.0182565038795071,0.0
2025-02-12,21.96,21.91,-0.0009178522902288,-0.0058810393435064,-0.0124752889608648,-0.5352640536140018,0.0022794630339548,21.353,20.79663,20.648086666666668,2,12,2,21.41622455966441,20.91521394371314,86.4037045302387,0.3620163844841215,0.171612009442747,22.395349199332987,19.19791080066701,0.0121786200090141,0.0180857320099849,0.0189970067197987,-1991107.0,1.4553775303197432,0,0,-1,0,0,-0.0059333637608397,-0.7339372108492683,0.1013079895275907,0.2871020950618827,0.0138504155124654,0.0764705882352942,-1.078011323308912,0.0245856102003642,0.0
2025-02-13,21.81,21.96,0.0009178522902289,0.0,0.0069478681629076,-0.2949916355004941,-0.0068540364277922,21.481,20.84463,20.73342,3,13,2,21.487820094270884,20.97294207637681,79.27019643554038,0.374971690707607,0.212283945695719,22.50649515521127,19.18276484478873,0.0119272217019625,0.0177043007286377,0.0190369707978217,-1995537.0,1.1617910117109032,0,0,-1,0,0,-0.0072859744990892,-0.8855761127083157,0.0978105614845193,0.2810470611856499,0.0144186046511627,0.0460431654676256,-0.9978822322915548,0.0178817056396148,0.0
2025-02-14,21.79,21.81,0.0091324835632724,-0.0018165309263978,-0.0069525193148816,1.2428461746483546,-0.0009174312570091,21.624,20.88263,20.79642,4,14,2,21.542761895312537,21.02565549080412,82.97814393681479,0.3792532361452956,0.2456778037856343,22.596291049946977,19.16896895005302,0.0111400260212457,0.0176561397678204,0.0182244578409459,-2010889.0,1.058984213976357,0,0,-1,0,0,0.0087116001834021,0.3407369917032264,0.077791609448682,0.2802825296343031,0.0036849378166743,0.0361388492629575,-0.9802652923886332,0.0229463056447911,0.0
2025-02-18,21.68,21.79,-0.0211307816300734,-0.0118885716652524,-0.0037278701140143,-0.8039361026564599,-0.005060972385083,21.706,20.92413,20.859086666666663,1,18,2,21.567714277982983,21.06787126559095,78.89273356401377,0.3695108203355595,0.2704444070956194,22.67427595613897,19.173984043861022,0.0097650834012361,0.017563621260669,0.0182248167639314,-2017760.0,0.8637793863404857,0,0,-1,0,0,-0.0114731528223955,-0.686088886272661,0.0700008753734397,0.2788138438647417,-0.0073260073260073,0.0398081534772181,-0.226510356804872,0.0147601476014758,0.0
2025-02-19,20.95,21.68,0.0,-0.0078504212919982,-0.0267457225137186,1.0240526697691117,-0.0342515302032988,21.681,20.93913,20.871086666666663,2,19,2,21.455402591076982,21.06026666781089,62.5698324022346,0.299433305722971,0.2762421868210897,22.68451933204634,19.19374066795366,0.0144027842777732,0.0191600984277419,0.0180638432372459,-2036892.0,0.0124556737003271,0,0,-1,0,0,-0.0064575645756457,0.7064276803335235,0.2274957703567578,0.3041571332119487,-0.043815609310817,0.0145278450363195,-1.8945947523131328,0.034143198090692,0.0
2025-02-20,20.3,20.95,-0.0446205959327069,-0.0387572137243577,-0.0294245489533359,-0.9022511339460488,-0.031517760320405,21.545,20.96663,20.847753333333333,3,20,2,21.24532939269935,21.01121720537148,46.93333333333333,0.1892650728416214,0.2588467640251961,22.649338069374178,19.283921930625823,0.0147787934415403,0.0177819755496704,0.0185856829237915,-2044653.0,-0.7923299497195986,0,0,-1,0,0,-0.016706443914081,-0.5790872914794188,0.2469919285672003,0.2822801107431545,-0.075591985428051,0.0278481012658227,-0.5367700187610689,0.0246305418719211,0.0
2025-02-21,19.875,20.3,-0.0205990608700725,-0.0194653347881032,-0.0250013022054172,0.9921201217532074,-0.021158225507346,21.3825,20.99288,20.81025333333333,4,21,2,20.99617859402674,20.93791286954106,43.9450686641698,0.0668909294406567,0.2204555971082882,22.58324823753101,19.40251176246899,0.0154871215013658,0.0178265871658862,0.0189380431230616,-2065584.0,-1.4058127842586547,0,0,-1,0,0,-0.0059113300492611,1.0879509424812717,0.2358537857577896,0.2829882981957051,-0.0887207702888582,0.0271317829457362,0.2440147982722258,0.030188679245283,0.0
2025-02-24,20.71,19.875,-0.030694233517478,0.0596124028015152,-0.009155709939146,0.1196763578877659,0.0411540148670973,21.2825,21.02788,20.816253333333336,0,24,2,20.944146122385515,20.92320881344164,48.27188940092168,0.036861148377902,0.183736707362211,22.55679470775157,19.49896529224843,0.021659275790281,0.0186560781322169,0.020120758205885,-2041992.0,-0.4158243731823007,0,0,-1,0,0,-0.0153459119496855,1.300726197501488,0.4925906892166665,0.296156059065819,-0.0495640201927488,0.0349825087456272,1.5882222862864477,0.098020280057943,0.0
2025-02-25,20.7,20.71,0.0321797500075447,-0.0272189492413143,0.0321797500075447,-1.125287409381989,-0.0004829751361694,21.1685,21.07025,20.829586666666668,1,25,2,20.89975591831542,20.9088082448325,43.76558603491272,0.0121157512674443,0.1494125161432577,22.50616700024029,19.634332999759707,0.0214065018968374,0.0185255479747245,0.020000824684891,-2049649.0,-0.5156983306668004,0,0,-1,0,0,-0.024142926122646,-0.619796441351261,0.4963782771512229,0.294083957053905,-0.0452029520295202,0.0426845853943564,1.415476234619437,0.0391304347826086,0.0
2025-02-26,21.45,20.7,0.016683409526714,0.0272189492413143,0.0142473547288329,0.9408782223077052,0.0355909451027025,21.1225,21.14225,20.85325333333333,2,26,2,20.999800296803524,20.94372384194008,47.55813953488372,0.0524193204684593,0.130013877008298,22.49640335755948,19.788096642440525,0.0250713286547067,0.020003834513315,0.0206883812827027,-2030030.0,0.45452754413967,0,0,-1,0,0,-0.0072463768115941,1.2959338204476565,0.5232487057753428,0.3175510283395343,0.0238663484486874,0.0719640179910043,0.1712125868836762,0.0512820512820513,0.0
2025-02-27,21.62,21.45,0.0268859209179854,0.0408219945202549,0.0293219757158667,1.5810873101437242,0.0078941668370363,21.0885,21.22075,20.89392,3,27,2,21.11256387920288,20.987354561814914,51.39211136890952,0.0969600733129141,0.1234031162692212,22.487508295393205,19.953991704606796,0.0252373507612556,0.0200216642185185,0.0204450128462959,-1934677.0,0.6303491383509332,0,0,-1,0,0,-0.0158508158508158,4.052627493391735,0.4155231002002865,0.3178340661350427,0.065024630541872,0.0783042394014963,-0.0997897414703276,0.0642923219241443,0.0
2025-02-28,20.75,21.62,0.0136440601675765,-0.0353923174874783,-0.0172006151835218,-0.2715195510544455,-0.0410725655343549,20.9825,21.23175,20.890586666666668,4,28,2,21.046643173893266,20.97204136427847,40.34205231388331,0.0613500070421864,0.1109924944238142,22.476889074878628,19.98661092512137,0.0281033588965959,0.0217229160778503,0.0214893234142447,-2007357.0,-0.7738091426404836,0,0,-1,0,0,-0.0101757631822387,2.309862345943356,0.5233217549417157,0.3448406021587121,0.0440251572327043,0.010716025328787,-0.7586997624430144,0.0466313253012048,0.0
2025-03-03,20.44,20.75,-0.0361599814144436,-0.0508920511095341,-0.0258740330843819,-2.28607383572146,-0.0150524813412035,20.847500000000004,21.235750000000003,20.87092,0,3,3,20.936344415003585,20.937716114970183,36.407766990291286,0.0080218923623611,0.0903983740115236,22.46955999560844,20.001940004391567,0.0282477998835741,0.021918887385258,0.0215958747890916,-2014746.0,-1.289906878421079,0,0,-1,0,0,-0.005301204819277,-0.5026582689242097,0.4484241838042013,0.347951550219741,-0.0130371801062288,0.0039292730844795,0.0306995977662537,0.0205479452054795,0.0
2025-03-04,20.49,20.44,-0.0161175650210688,-0.0072939783625537,-0.0146969889160465,1.1749315295325071,0.0024431969153046,20.7285,21.21725,20.85892,1,4,3,20.85519088500293,20.908831204326948,36.159844054580894,-0.0298622076558778,0.0663462576780433,22.48540022769392,19.949099772306084,0.0283755019177255,0.0211828227699359,0.0215515889632461,-1990821.0,-1.1469461332234718,0,0,-1,0,0,-0.0063600782778866,0.1805009994684578,0.4496528763520506,0.3362668866936406,-0.0101449275362319,-0.0177372962607862,-0.0711250933929067,0.0275744265495362,0.0
2025-03-05,20.29,20.49,0.0136921454474049,0.0077783571562333,0.0037620488652123,-1.6797751713070452,-0.009808808413085,20.6625,21.17175,20.84692,2,5,3,20.752428905911486,20.868906610499405,34.18560606060605,-0.0751575884946014,0.0380454884435144,22.50607922237517,19.837420777624825,0.0266724492677872,0.0208827310945302,0.0215541015288215,-1995281.0,-1.32163784651353,0,0,-1,0,0,0.0048804294777941,-0.6416585303135987,0.298149179109464,0.3315030790317763,-0.054079254079254,-0.0429245283018867,-1.019774799472567,0.0320305569245933,0.0
2025-03-06,20.08,20.29,-0.0240857059746678,-0.021537787991512,-4.999987500058377e-06,0.7616017906182735,-0.0104038590141949,20.6405,21.09275,20.85792,3,6,3,20.63016910483667,20.818009409822025,33.80149812734082,-0.1265410625022092,0.0051281782543696,22.490927290919227,19.69457270908077,0.0249966435872705,0.0201878824684355,0.0200581767822128,-2004833.0,-1.44867179087735,0,0,-1,0,0,-0.0093642188270082,-0.4337248861794943,0.2496893554341398,0.3204726990508866,-0.0712303422756708,-0.0729455216989843,-1.2641217636065338,0.0104581673306773,0.0
2025-03-07,19.95,20.08,0.0,0.0044433546322118,-0.0050125418235443,0.2876820724517808,-0.0064951514876559,20.648,21.01525,20.877920000000003,4,7,3,20.50650199486637,20.762008802736737,33.11926605504587,-0.1757270770380614,-0.0310428728041165,22.48821148161312,19.54228851838688,0.0241052901270597,0.0201798690363085,0.0197155646912099,-2017569.0,-1.4464057795094365,0,0,-1,0,0,0.0009960159362551,-0.2860213358890972,0.1028982567712524,0.3203454897595512,-0.0385542168674699,-0.072093023255814,1.0676537587918316,0.0200501253132833,0.0
2025-03-10,20.0,19.95,0.0036748315676135,0.0080952238966247,-0.005037794029957,0.1184807263286533,0.0025031302181184,20.577,20.92975,20.87758666666667,0,10,3,20.41441072307248,20.712846944495656,34.41558441558442,-0.2082719365514727,-0.0664886855535877,22.431154517881808,19.42834548211819,0.019336351253478,0.0199922807807926,0.0187158638166201,-2003231.0,-1.2385069965177602,0,0,-1,0,0,0.0112280701754386,-0.2302979254183276,0.101330496103341,0.3173676185217218,-0.0215264187866928,-0.0787655458314141,0.385634723300745,0.0332499999999999,0.0
2025-03-11,19.8,20.0,-0.018712708932154,-0.0130335055372072,0.0,-0.429678340571428,-0.0100503358535014,20.487,20.82775,20.875833333333333,1,11,3,20.30269968251385,20.653953593237876,38.1687242798354,-0.2473509924488546,-0.1026611469326411,22.345866821661183,19.30963317833882,0.0194155814370636,0.0198953348372629,0.0187514114187413,-2012561.0,-1.353980122393214,0,0,-1,0,0,-0.0099999999999999,-0.4411205988617219,0.086337555324859,0.3158286493785447,-0.0336749633967787,-0.0934065934065934,1.834040392491905,0.0202020202020201,0.0
2025-03-12,20.34,19.8,0.0100503358535015,0.0256291456523018,0.0100503358535015,-0.29047267209467,0.0269074529199244,20.376,20.74925,20.886833333333332,2,12,3,20.309481558420423,20.6336985227064,50.42105263157895,-0.232072748579867,-0.1285434672620863,22.192244966617807,19.306255033382197,0.017446035773515,0.0210908165568897,0.019353486323364,-2005583.0,-0.5672230457729581,0,0,-1,0,0,0.01010101010101,-0.5338539260766803,0.2506679350972616,0.3348063333408824,0.0024642681123707,-0.0716567777270652,1.7092881880640665,0.035614552605703,0.0
2025-03-13,20.1,20.34,0.0,-0.0197061273491797,0.0,-0.6516031767597303,-0.0118695755553837,20.224,20.65625,20.888500000000004,3,13,3,20.271394002343985,20.599266359951148,52.46440306681272,-0.2366032099522605,-0.1501554158001212,22.00752571303257,19.30497428696743,0.0169087977676131,0.0211226507953279,0.0194857072350377,-2009220.0,-0.8232960818212979,0,0,-1,0,0,-0.0167158308751229,-0.6702594403664706,0.2548303332275202,0.3353116862093906,0.0009960159362552,-0.0846994535519125,1.6575147266351995,0.0159203980099502,0.0
2025-03-14,19.84,20.1,-0.0100503358535014,-0.0143744730325542,-0.0100503358535014,1.3135285221022048,-0.0130197132083034,20.133000000000003,20.55775,20.8655,4,14,3,20.19295872919053,20.55028143350269,39.09774436090224,-0.2581971245892909,-0.1717637575579551,21.840372621613152,19.27512737838685,0.0126324984126424,0.0212065450875593,0.0191000945846912,-2022747.0,-1.1191912381793037,0,0,-1,0,0,-0.0149253731343283,-0.2686455485170018,0.2693665688164435,0.3366434668113629,-0.0055137844611528,-0.0903255387436955,1.6138404481801851,0.0115927419354838,0.0
2025-03-17,19.8,19.84,0.0020181641562371,-0.0019990011654183,0.0,-0.2200618847768016,-0.0020181641562371,20.069,20.45825,20.846833333333333,0,17,3,20.12151168751953,20.501876179728324,38.80597014925374,-0.2753638995944953,-0.1924837859652632,21.643427201940742,19.273072798059253,0.0120839786159864,0.0211981682593719,0.0190515160981177,-2033602.0,-1.1108043572254065,0,0,-1,0,0,0.0,-0.3733653176395454,0.267574717680882,0.336510488786406,-0.01,-0.0913262964662688,1.9112878569087357,0.0095959595959594,0.0
2025-03-18,19.75,19.8,-0.0070814661127839,-0.009550210811819,-0.0050633019565467,0.169495915479218,-0.0025284463533587,19.995,20.36175,20.809833333333337,1,18,3,20.05396410797052,20.45336803910069,24.397590361445765,-0.2896642059422234,-0.2119198699606552,21.437292825005656,19.286207174994345,0.0119312454895494,0.0212026434269774,0.0184426748651949,-2046462.0,-1.1375651174034525,0,0,-1,0,0,-0.0050505050505051,-0.3015786289847685,0.258416959507835,0.3365815298697642,-0.0025252525252525,-0.0890221402214022,1.7123742935115238,0.0050632911392405,0.0
2025-03-19,19.26,19.75,-0.0025412974286726,-0.0069686693160933,-0.0231075750101496,1.2569089941445988,-0.0251230849771513,19.892000000000003,20.27725,20.745166666666663,2,19,3,19.909606997430423,20.3763765527071,17.58241758241752,-0.3366554521583396,-0.2368669864001921,21.421551556684985,19.13294844331502,0.0136227341492468,0.0206448501488265,0.0185891693686344,-2091659.0,-1.7779404284775304,0,0,-1,0,0,-0.0050632911392405,1.013836818589178,0.1479544203466209,0.3277268360879385,-0.0530973451327433,-0.0806682577565631,-0.7711393221531293,0.0214174454828661,0.0
2025-03-20,18.95,19.26,-0.0231670592815343,-0.0232822916039309,-0.0183491386681966,-0.3845880259358789,-0.0162264748415442,19.779,20.20975,20.65483333333333,3,20,3,19.73513299789762,20.28435225898406,20.779220779220708,-0.3943647709640387,-0.2683665433129615,21.498545745525373,18.920954254474623,0.0139845072059306,0.0198713984363788,0.018130741911265,-2122426.0,-1.954925758210768,0,0,-1,0,0,-0.0031152647975079,0.359692535932714,0.1528148658372125,0.3154486707944164,-0.0572139303482588,-0.0665024630541872,-0.3203523484289196,0.016358839050132,0.0
2025-03-21,18.59,18.95,-0.0157483569681391,-0.0136270452520299,-0.0186921330121524,0.3023543527615767,-0.0191801297950827,19.643,20.1455,20.55783333333333,4,21,3,19.52692699827987,20.17503921001735,20.447284345047866,-0.4638023880230406,-0.3074537122549773,21.61939173350872,18.67160826649128,0.0146095239804377,0.0197851215313935,0.0183221021164233,-2164055.0,-2.1107384818517154,0,0,-1,0,0,-0.0026385224274406,0.7631022082142666,0.1617591688504485,0.3140790673875399,-0.0630040322580645,-0.0646540880503144,0.1745908624377117,0.0215169445938675,0.0
2025-03-24,18.7,18.59,-0.02626792682061,-0.0052910176344154,-0.0081191244385043,-1.3144022717337185,0.0058997221271883,19.513,20.045,20.4575,0,24,3,19.37657663495625,20.07987539001623,21.94357366771159,-0.5041446533766987,-0.3467919004793216,21.626970789536728,18.46302921046328,0.0148916644080392,0.0168817320189674,0.0182307119250082,-2152872.0,-1.7004106635798,0,0,-1,0,0,-0.0096826250672404,-0.4759049357529814,0.2005153331393347,0.2679891877333447,-0.0555555555555555,-0.0970545630130372,0.5688346125305244,0.0240641711229948,0.0
2025-03-25,18.54,18.7,0.0048767368392925,0.0,0.0054200674693393,-0.0057394113249391,-0.0085929637228318,19.387,19.937,20.3475,1,25,3,19.224471792236933,19.980528590660345,22.22222222222221,-0.5427701358802572,-0.3859875475595087,21.62224369626163,18.25175630373837,0.0148619946580359,0.0168656482753199,0.0181269619439425,-2163991.0,-1.6579204575563322,0,0,-1,0,0,-0.0106951871657753,-0.4877571964022505,0.1880690687720616,0.2677338662182924,-0.0612658227848101,-0.1043478260869565,1.0364285250088,0.0188781014023733,0.0
2025-03-26,19.03,18.54,0.0,0.0105541876786901,0.0,-0.4481381267054392,0.026086121170349,19.256,19.816,20.2515,2,26,3,19.18911328455749,19.919204165456453,34.69387755102045,-0.5277585323046381,-0.4143417445085346,21.387514857508037,18.244485142491964,0.0146502179440235,0.0156951616518291,0.0189780748915669,-2156888.0,-1.000308710089276,0,0,-1,0,0,-0.0021574973031283,-0.6221708303870472,0.2971064890038729,0.2491529671061852,-0.0119418483904465,-0.1128205128205127,1.0534757603492322,0.0289017341040462,0.0
2025-03-27,18.62,19.03,0.0292963694884309,0.0,-0.0054200674693392,1.038509610487748,-0.021780409459137,19.108,19.666000000000004,20.140166666666666,3,27,3,19.08563814191067,19.83538454187862,32.07547169811323,-0.5426895148900712,-0.440011298584842,21.077000391659496,18.254999608340512,0.0153466276352092,0.0157171677190484,0.0191813874642619,-2176954.0,-1.482636016521289,0,0,-1,0,0,0.001050972149238,0.0931042206967861,0.3150688741523832,0.2495023025933671,-0.0174142480211081,-0.1387604070305272,0.917208326634862,0.0349087003222342,0.0
2025-03-28,18.34,18.62,-0.014274627792593,0.0,-0.0109235760417905,0.2159212810267998,-0.0151518050206023,18.958,19.5455,20.0245,4,28,3,18.950067570654184,19.73890811982194,28.934010152284277,-0.570539264609252,-0.466116891789724,20.978178389737604,18.1128216102624,0.0154432472749965,0.0138369927441261,0.0192622174628043,-2201856.0,-1.6828619858233371,0,0,-1,0,0,0.0085929108485499,0.7550019674690298,0.30372997819405,0.2196554501637781,-0.0134480903711673,-0.1161445783132529,0.949631353298806,0.0463413304252999,0.0
2025-03-31,18.53,18.34,-0.0069463276902924,-0.0212209554828855,0.0076573782551694,-1.0949646245374487,0.0103065734689497,18.831,19.45,19.91583333333333,0,31,3,18.87369164871706,19.660914047575364,33.84223918575066,-0.5707003019720389,-0.487033573826187,20.886252433464133,18.013747566535866,0.0164166802033744,0.0141360354904158,0.0194653291725479,-2193525.0,-1.281111841573735,0,0,-1,0,0,0.0169029443838603,-0.6688284074215081,0.313035393768081,0.2244026065921406,-0.009090909090909,-0.0934442270058708,0.726010639213074,0.0167296276308687,0.0
2025-04-01,17.49,18.53,-0.0053763570363802,-0.0053763570363802,-0.0497448181798826,2.0739197829593183,-0.0577617512667578,18.605,19.3,19.776166666666665,1,1,4,18.62211134895032,19.52085507676405,17.832957110609513,-0.647285726664002,-0.51908400439375,20.896601654172176,17.703398345827825,0.0225748821605281,0.0180745973389989,0.021571025241775,-2259806.0,-2.2673157017847028,0,0,-1,0,0,0.0010793308148947,2.977684958032327,0.5033002954934417,0.2869253376397262,-0.0566343042071197,-0.1464128843338213,-0.3755894380989104,0.0628930817610063,0.0
2025-04-02,17.44,17.49,-0.0571267035451988,-0.0423955589676856,-0.0115275051710673,-0.6987602854474073,-0.0028628705496769,18.423,19.1575,19.65916666666667,2,2,4,18.407182012777533,19.386606362134117,18.632075471698144,-0.7039006807484256,-0.5560473396646851,20.88539954630045,17.429600453699543,0.0222389685193267,0.0180995974703154,0.0209781410899961,-2292761.0,-1.9879627883198137,0,0,-1,0,0,0.0017152658662093,0.8248208825512117,0.3971655446531726,0.2873222024209706,-0.0835522858644245,-0.1404632824051256,-0.9673726472636446,0.0303899082568807,0.0
2025-04-03,16.62,17.44,-0.012636584004512,-0.0256351263582439,-0.062183807729784,0.9297515403963742,-0.0481596290535314,18.19,18.9845,19.5365,3,3,4,18.08223982863616,19.208115629093207,16.45833333333337,-0.8056485714898045,-0.605967586029709,20.99348481826022,16.97551518173978,0.0251888759622095,0.0201563812022096,0.0218252330855761,-2376265.0,-2.3539252049178296,0,0,-1,0,0,-0.0080275229357798,2.821756750826074,0.4526585631840147,0.3199726319523829,-0.1074113856068743,-0.1723107569721114,-0.2306705925872781,0.0673886883273163,0.0
2025-04-04,16.41,16.62,-0.0534251666735806,-0.0263096145597036,-0.0130396135078035,-0.3456974520091692,-0.0127158843253026,17.972,18.8075,19.421,4,4,4,17.778196223429585,19.02759204011945,15.895372233400437,-0.8929365363556734,-0.663361376094902,21.066534493341194,16.548465506658808,0.0250935247203803,0.020159361550475,0.0216869539442225,-2435363.0,-2.122588218167497,0,0,-1,0,0,-0.0132370637785801,1.479888724229547,0.4553450966854248,0.3200199435143663,-0.1052344601962922,-0.1774436090225564,-0.3015437045589464,0.0536258379037171,0.0
2025-04-07,16.44,16.41,-0.0184620628397352,0.0114859162890427,0.0062305497506361,-1.0585770938301182,0.0018264845260345,17.746,18.6295,19.278666666666663,0,7,4,17.53488781916966,18.860650618176265,16.56565656565661,-0.9487554656795752,-0.7204401940118366,21.048272851109257,16.210727148890744,0.0247987701569695,0.0201386236383034,0.0197664394744784,-2414859.0,-1.810422172545791,0,0,-1,0,0,-0.0188909201706275,-0.2443348750548885,0.4202276885026815,0.3196907393644655,-0.112790070156503,-0.1779999999999999,-0.5069669231548565,0.0593065693430655,0.0
2025-04-08,16.58,16.44,0.0117321506235363,-0.0207107994425614,0.0,-1.0734249515435823,0.0084797600791147,17.55,18.4685,19.14133333333333,1,8,4,17.361271852047903,18.713511868616504,20.869565217391298,-0.970508125797398,-0.7704537803689488,20.98587770831392,15.95112229168608,0.0256738502513311,0.020538824607122,0.0199437057752495,-2407850.0,-1.500370797566865,0,0,-1,0,0,-0.009124087591241,-0.8364728080545523,0.3468952788389525,0.3260437327921134,-0.0520297312750143,-0.1626262626262627,-1.5929549729140589,0.0376960193003618,0.0
2025-04-09,17.13,16.58,0.0115961018673719,0.050994296029814,0.0,0.6362740734266396,0.0326341626288797,17.36,18.308,18.997333333333334,2,9,4,17.319222424402827,18.61134981257673,31.198347107438025,-0.9326162426897362,-0.8028862728331063,20.730505010586324,15.885494989413678,0.0268233858428172,0.0211159016132982,0.0197206646482684,-2394607.0,-0.9725470080368483,0,0,-1,0,0,-0.0060313630880577,-0.5799811773521697,0.4692099773841375,0.335204546266168,-0.0177752293577982,-0.1578171091445428,-0.562022095931266,0.0875656742556917,0.0
2025-04-10,16.51,17.13,0.0168475705726114,-0.0352739663602655,0.0245411089161174,-0.224503684514674,-0.0368650544039918,17.149,18.128500000000003,18.827,3,10,4,17.172091074511403,18.47577885692662,29.60784313725493,-0.9417594540134856,-0.8306609090691823,20.523787258896444,15.73321274110356,0.0278944047862914,0.0220119846826741,0.0201873206249953,-2405187.0,-1.3514036731825456,0,0,-1,0,0,-0.0215995329830704,-0.7251551566565141,0.40784478020679,0.3494294239999128,-0.0066185318892899,-0.1786069651741293,-0.0953678296893715,0.0296789824348878,0.0
2025-04-11,16.6,16.51,-0.0156347141474021,0.0014351086440416,-0.0339015516756813,1.226800984566436,0.0054364374304608,16.975,17.9665,18.688666666666663,4,11,4,17.06807451550933,18.35476086615716,29.330708661417347,-0.9310111500191168,-0.8507309572591694,20.3121501735856,15.6208498264144,0.0283623367666498,0.0222461458915485,0.0194392410748651,-2369106.0,-1.1651353772938309,0,0,-1,0,0,-0.0006056935190794,0.3847383874647678,0.3955388877788688,0.3531466179521925,0.0115783059110299,-0.1633064516129031,-0.787616771450767,0.0641204819277107,0.0
2025-04-14,17.08,16.6,0.0198026272961795,0.0137520991494864,0.0357180826020792,-1.6917512410641866,0.028505492997926,16.83,17.830499999999997,18.576666666666668,0,14,4,17.070242785416724,18.272518229630894,36.481481481481474,-0.8736897021600605,-0.8553227062393476,20.040005541256264,15.620994458743729,0.0303472248744731,0.0237547319245284,0.0204612594821678,-2362460.0,-0.6793375132911265,0,0,-1,0,0,0.0138554216867467,-0.942832512178638,0.4369795997861391,0.3770946787998535,0.0389294403892941,-0.1373737373737374,-1.2180988569924072,0.0421545667447306,0.0
2025-04-15,16.3,17.08,0.0094619274811261,-0.0081490555732667,-0.0140118040202161,1.205851868353596,-0.0467430805477069,16.711000000000002,17.657999999999998,18.437,1,15,4,16.930198642613682,18.145258989009545,26.010544815465693,-0.8810453803085494,-0.860467241053188,19.773204108603395,15.542795891396604,0.028624132076517,0.0252312889658952,0.0216468100935139,-2384655.0,-1.2840368402051214,0,0,-1,0,0,-0.0052693208430913,-0.2621037192182562,0.5789698088937801,0.4005342951682006,-0.016887816646562,-0.1746835443037974,-0.3089513545670779,0.0496932515337422,0.0
2025-04-16,16.38,16.3,-0.0414598278711238,-0.0317675518321758,0.0,-1.0660768420252515,0.0048959706122066,16.605,17.514,18.306666666666665,2,16,4,16.830162525774828,18.03137131229925,29.10447761194025,-0.8703862064327659,-0.8624510341291036,19.56103019801345,15.466969801986544,0.0288429361448849,0.0251414603170515,0.0217562845667025,-2377012.0,-1.1079465277068157,0,0,-1,0,0,0.0,-0.8404473254803438,0.497122299735135,0.3991083095755045,-0.0437828371278459,-0.1495327102803739,-0.2018165816652873,0.0167887667887667,0.0
2025-04-17,16.38,16.38,0.0012262417232442,0.0015071592905715,0.0,-0.1935580735819141,0.0,16.581,17.3855,18.183333333333334,3,17,4,16.748314793815766,17.924831227634783,30.708661417322787,-0.8521160707017934,-0.8603840414436416,19.37482387350181,15.396176126498188,0.0249614253548819,0.0251182503179795,0.0217813904810526,-2377012.0,-1.0108962280033529,0,0,-1,0,0,-0.0036630036630035,-0.8307415611999074,0.432362743070851,0.3987398622626572,-0.0078740157480317,-0.1356200527704485,-1.2248135940405132,0.0183150183150183,0.0
2025-04-21,16.1,16.38,-0.0012262417232442,-0.0145633641878966,-0.0185763855729354,0.94613622296932,-0.0172418064345058,16.55,17.261000000000003,18.055,0,21,4,16.630439376758353,17.807100180690604,26.499032882011548,-0.8504273196795005,-0.8583926970908133,19.244584209402145,15.27741579059786,0.0252273694843766,0.0250737970166107,0.0218665192420128,-2393234.0,-1.17060822978615,0,0,-1,0,0,-0.0048840048840047,-0.332890927396147,0.4398159372463826,0.3980341879803916,-0.0301204819277108,-0.1339429800968261,-0.4243523995529102,0.0223602484472049,0.0
2025-04-22,16.17,16.1,-0.0117249106238336,0.0006110602084426,0.0068514749491017,-1.2948134738707695,0.0043384015985981,16.523000000000003,17.1345,17.92733333333333,1,22,4,16.546723126438653,17.701480814194436,34.28571428571428,-0.8338286991386212,-0.853479897500375,19.053320635593384,15.215679364406617,0.0252781277298461,0.025034125894902,0.0218963648679373,-2388790.0,-1.0053050109102373,0,0,-1,0,0,0.0006211180124222,-0.8431999963748124,0.3412227023462161,0.3974044284467592,-0.0532786885245899,-0.1352941176470586,-1.4506071322635443,0.0160791589363018,0.0
2025-04-23,15.7,16.17,-0.0068514749491017,-0.0193677798890065,-0.038600173263682,2.9737783690229085,-0.0294969612347532,16.435,16.9925,17.790666666666667,2,23,4,16.39277346708617,17.57235301973028,31.168831168831105,-0.8488146380409098,-0.852546845608482,18.89363401061468,15.091365989385324,0.0264141811105195,0.0255191955692026,0.0222652433594037,-2475740.0,-1.3597147731654216,0,0,-1,0,0,-0.010513296227582,2.2881734022456297,0.2391278482783215,0.4051046708071891,-0.0368098159509203,-0.1531823085221143,-0.8828644721356848,0.0354140127388535,0.0
2025-04-24,15.69,15.7,-0.0221178052536189,-0.0141757376011163,0.0012894908298716,-1.7327205168698296,-0.0006371456093211,16.291,16.825499999999998,17.635666666666665,3,24,4,16.2649964730705,17.4509108894251,37.79527559055113,-0.8516803777730075,-0.8523735520413872,18.55178563837599,15.099214361624004,0.0228975444128006,0.0242871224259502,0.0213271790008944,-2491113.0,-1.3155412693674764,0,0,-1,0,0,-0.0031847133757961,-0.4644160286622935,0.2239330390783956,0.3855461160026652,-0.042124542124542,-0.1755123489227535,-0.9109034506412894,0.0197578075207138,0.0
2025-04-25,15.51,15.69,0.0019150979360996,-0.0088833071479796,-0.0012894908298717,-0.6911326885377453,-0.0115385895564937,16.191,16.669999999999998,17.482666666666667,4,25,4,16.12772438705768,17.325690832042834,38.09523809523805,-0.858578830522962,-0.8536146077377021,18.27144671436405,15.068553285635948,0.0208156619936795,0.0241241437387789,0.021325460441477,-2498815.0,-1.44869009951498,0,0,-1,0,0,-0.0006373486297004,-0.7271429801042032,0.2109671899443276,0.3829589095511098,-0.053113553113553,-0.1670247046186896,-0.3287571077903363,0.0122501611863313,0.0
2025-04-28,15.97,15.51,-0.0051151006667703,0.029515486348008,0.0064308903302903,-0.3246237261913464,0.0292269850384737,16.128,16.5515,17.353666666666665,0,28,4,16.099047225774463,17.23822690739491,44.41805225653205,-0.8175040703638352,-0.8463925002629288,17.973304265157868,15.129695734842134,0.0235299601840347,0.0255457585005328,0.0224024983294436,-2493248.0,-0.8179747581998346,0,0,-1,0,0,0.0058027079303674,-0.7593136968549469,0.3427845247334122,0.4055263442695448,-0.0080745341614907,-0.1292257360959651,0.3369071878367694,0.0350657482780213,0.0
2025-04-29,15.7,15.97,0.0136626497383791,-0.0143349291709922,0.0063897980987709,-0.3721654979365553,-0.0170512498726588,15.99,16.41,17.217,1,29,4,16.026493184724558,17.138986461756527,39.86175115207373,-0.7975451663033901,-0.8366230334710211,17.535063740884347,15.284936259115652,0.0207947128177655,0.0253206883646086,0.0224540471332054,-2497085.0,-1.262150710575581,0,0,-1,0,0,-0.0097307451471509,-0.8104505411926549,0.3532505145024081,0.4019534666263272,-0.0290661719233149,-0.1527253103076093,1.130127191647035,0.0146496815286624,0.0
2025-04-30,15.81,15.7,-0.0072728516396082,-0.0006279435057202,0.0,0.8837093835398538,0.0069819388671183,15.941,16.326,17.085666666666665,2,30,4,15.98713078750191,17.05324539970772,33.076923076923066,-0.7640440857283615,-0.8221072439224892,17.358613444768103,15.293386555231898,0.016468854975414,0.0228085837881152,0.0225932544027613,-2487800.0,-0.9994059299041572,0,0,-1,0,0,0.0,-0.5325541521047531,0.2899931694447094,0.3620750427655955,0.0070063694267517,-0.0960548885077186,0.9531261354735256,0.0139152435167615,0.0
2025-05-01,15.62,15.81,-0.0025510217916053,-0.0113709374269798,-0.0051085679427224,-1.983103838849326,-0.0120905068098408,15.865,16.235000000000003,16.964333333333332,3,1,5,15.920379735228837,16.960777954565287,37.17579250720457,-0.7442464404262346,-0.8065350832232383,17.170464984295066,15.299535015704938,0.016444058434837,0.0228597136784413,0.0223678561055147,-2489078.0,-1.3148541320623508,0,0,-1,0,0,-0.0094876660341556,-0.7767178021864828,0.306155064650404,0.3628867046117838,-0.0044614404079031,-0.1043577981651376,1.2597064360591894,0.0076824583866838,0.0
2025-05-02,14.09,15.62,-0.0051216501200548,-0.0090176655395143,-0.103200380662161,1.6799736723468843,-0.1030868185009509,15.636,16.1085,16.802333333333333,4,2,5,15.587583419732685,16.77556647362559,24.439918533604853,-0.8423053058969181,-0.8136891277579743,17.429540658364722,14.787459341635277,0.0336055187280615,0.029601283277641,0.0278680601676064,-2495935.0,-3.0559241113723807,0,0,-1,0,0,-0.0025608194622278,-0.495897058393818,0.766502971108356,0.4699058042460782,-0.0915538362346872,-0.1522262334536703,-1.4278891271724508,0.1071894960965223,0.0
2025-05-05,6.69,14.09,-0.1069307108273435,-0.0911326714659131,-0.8452934917066289,2.3543362087721844,-0.7448514517704516,14.695000000000002,15.6225,16.40566666666667,0,5,5,13.969840979781283,16.124884765649746,6.086221470836861,-1.4998465217967762,-0.9509206065657348,20.027826321624776,11.217173678375222,0.165071791880847,0.119471488814101,0.0982415605194747,-2568147.0,-4.055318197951567,0,0,-1,0,0,-0.00638750887154,2.3932853309751425,3.573370148991901,1.896551088988478,-0.5810895428929242,-0.5923217550274222,-2.06865180463916,1.2242152466367715,0.0
2025-05-06,7.86,6.69,-0.6580558607486751,-0.4745081413668402,0.1614439717723994,0.1766346141090603,0.1611727323009781,13.864,15.1935,16.044333333333334,1,6,5,12.858960801639231,15.591666393672345,15.46644844517185,-1.9045885397035391,-1.1416541931932958,20.777123705463204,9.609876294536797,0.1810902625022365,0.1281133378937398,0.1047793923221462,-2481984.0,-2.6267887618661185,0,0,-1,0,0,0.0837070254110612,2.375472080993475,4.1631861101359,2.033736190183338,-0.4993630573248407,-0.5218978102189782,-1.4301527104488818,0.2226463104325698,0.0
2025-05-07,9.8,7.86,0.0984400728132525,0.1515675334118791,0.0758143715640151,-0.7656129265354188,0.220595779235411,13.274,14.854500000000002,15.753000000000002,2,7,5,12.302786110432098,15.218010497306388,26.633522727272734,-2.0452315618276025,-1.3223696669201572,20.88877220571228,8.820227794287725,0.2039022851378707,0.1417298092214685,0.1156122507398,-2441914.0,-1.6752641669745072,0,0,-1,0,0,0.0178117048346055,0.6253441794199118,4.814725704793126,2.249890971387808,-0.3801391524351676,-0.4089264173703255,-1.1634359957659548,0.2693877551020409,0.0
2025-05-08,7.26,9.8,0.2029408439966903,0.0277397030891529,-0.2208645335607382,1.279851819471108,-0.3000025568398217,12.431,14.361,15.360666666666669,3,8,5,11.385915908535353,14.704590465222106,22.563176895306867,-2.334735564211668,-1.5248428463784591,21.17564027702588,7.546359722974123,0.2170596937917909,0.1514746862159489,0.1237943036004988,-2586010.0,-2.0840425059381418,0,0,-1,0,0,0.0,2.985782348773641,5.030437625045673,2.4045860978936657,-0.5352112676056338,-0.5761821366024518,-0.3654446324147827,0.6129476584022038,0.0
2025-05-09,6.7,7.26,-0.3000025568398217,-0.2350060866240297,0.0414071891141521,-0.5186122642563398,-0.0802723024397843,11.55,13.870500000000002,14.963333333333331,4,9,5,10.533931197892562,14.188165273917454,22.189349112426044,-2.5796206308748357,-1.7357984032777347,21.40774359780363,6.3332564021963735,0.2168776071473275,0.1518749079897746,0.1242073971032029,-2671797.0,-1.9026849555690368,0,0,-1,0,0,0.0,1.3109549879649554,5.03108927611681,2.4109394215905624,-0.524485450674237,-0.5941853422168384,-0.4309421886936491,0.2940298507462687,0.0
2025-05-12,7.72,6.7,0.0457684184555805,-0.0229340166290138,0.0880651637349803,-0.2564716735709927,0.1417068376397643,10.725,13.4265,14.609333333333334,0,12,5,10.022307343730278,13.770864288503423,26.330532212885142,-2.660717242865923,-1.9207821711953723,21.32431388806589,5.528686111934105,0.2253667330617768,0.1571102046804611,0.1282900030754552,-2605417.0,-1.4450834321692207,0,0,-1,0,0,0.1343283582089551,0.7758751602879812,3.3347316433981766,2.494047180089737,0.1539611360239161,-0.5349397590361447,-0.8836631904679219,0.1541321243523316,0.0
2025-05-13,11.53,7.72,0.0512932943875504,0.3455016433406072,0.1335171070122767,0.4072612243652364,0.4011379702442828,10.308,13.149,14.376,1,13,5,10.29643328123386,13.62629239892256,40.16045304388863,-2.390001286529982,-2.0146259942622944,20.8948577045378,5.4031422954622,0.2820422859719911,0.1948727321940493,0.1586941344783122,-2505668.0,-0.4180298842958433,0,0,-1,0,0,0.0362694300518135,1.414518884336457,4.620695575030527,3.0935087201588694,0.4669211195928751,-0.3249414519906323,0.0152684295494394,0.3096270598438855,0.0
2025-05-14,11.621,11.53,0.3629054936893685,0.0331522073169005,0.2795238847503174,-0.7881586551189703,0.0078614719597691,9.8891,12.91505,14.180366666666666,2,14,5,10.537263593736796,13.496918695766269,40.435334492971656,-2.143406149383248,-2.040382025286485,20.54191817079836,5.2881818292016405,0.2820412756859806,0.19456466656846,0.1583694036711022,-2460314.0,-0.3393398105279014,0,0,-1,0,0,-0.0026019080659149,0.1127679863213365,4.488513760465294,3.088618329962089,0.1858163265306123,-0.2870552147239263,0.8054476539992395,0.1187505378194648,0.0
2025-05-15,11.94,11.621,0.0103807160545608,0.0165841280155352,0.0479796818881351,-0.7035641722954201,0.0270803017237192,9.5211,12.69305,13.997033333333333,3,15,5,10.79230657669374,13.396472328297476,41.66277440448388,-1.9003312567539477,-2.012371871579978,20.151884041097297,5.234215958902704,0.281969043461456,0.1946371232297219,0.1584454071700062,-2437872.0,-0.2019216397229875,0,0,-1,0,0,-8.605111436203615e-05,-0.4490253339858967,3.5545395236875645,3.0897685438012625,0.6446280991735538,-0.2710622710622711,1.5516255028952708,0.0887772194304858,0.0
2025-05-16,12.6,11.94,0.0568715109546068,0.0652578347379229,0.0779615414697119,0.0589614394038076,0.0538027059929761,9.3721,12.50405,13.863033333333334,4,16,5,11.120978108203968,13.345087016794414,42.20268394261916,-1.6355821955001772,-1.9370139363640175,19.758277267781995,5.249822732218003,0.2793403076229469,0.1949567014346439,0.1584708447169927,-2414067.0,0.0264535412134495,0,0,-1,0,0,0.0301507537688443,-0.4436431426830899,3.1962773927962944,3.0948416905292238,0.880597014925373,-0.2307692307692307,1.853127429856583,0.0777777777777778,0.0
2025-05-19,13.17,12.6,0.0240975515790605,0.0392799741684398,0.0214434372936515,0.0308162115940475,0.0442447017977574,10.0201,12.35755,13.755033333333332,0,19,5,11.493527543075972,13.333791080227034,44.22638064810589,-1.3640485185007822,-1.8224208527913708,19.42186359126913,5.293236408730869,0.2005882902338437,0.1950389981812678,0.1586048487345974,-2389517.0,0.2300152702745576,0,0,-1,0,0,0.0,-0.4381793715798268,3.275106235048461,3.0961481108808826,0.705958549222798,-0.1819875776397516,2.193058678506832,0.0941457858769932,0.0
2025-05-20,13.43,13.17,0.0829688253429251,0.0139759538559738,0.0654984928401566,-0.2881438219473073,0.0195494947799565,10.577099999999998,12.22055,13.6547,1,20,5,11.845613444334886,13.339998107309162,44.60562103354487,-1.1150230049713326,-1.6809412832273634,19.076764928615404,5.3643350713845965,0.1990032012605285,0.1950428252183514,0.1586199051783695,-2371113.0,0.3528039924630093,0,0,-1,0,0,0.0394836750189825,-0.6127948958430922,0.3038319752607757,3.096208863211171,0.1647875108412837,-0.1694495980210266,0.1697653865335037,0.0446760982874162,0.0
2025-05-21,13.59,13.43,-0.0214034696847703,0.0365763253068575,-0.0402332959248806,-0.1758008070935179,0.0118432176279061,10.9561,12.11505,13.555033333333334,2,21,5,12.162774636273996,13.356127261676312,45.392646391284615,-0.894447198018387,-1.523642466185568,18.80884462754795,5.421255372452052,0.1896103110418624,0.1948092549431348,0.1586220772833262,-2355676.0,0.4406917397584691,0,0,-1,0,0,-0.0022263588979895,-0.6114788463265116,0.2852372281665595,3.09250105003989,0.169434644178642,-0.1343949044585987,0.3724006789696704,0.1196615158204561,0.0
2025-05-22,13.88,13.59,0.0077978176289917,-0.0141846349919564,0.0605900020791577,-0.7530109336542763,0.021114726915606,11.6181,12.02455,13.4467,3,22,5,12.474997429678725,13.389925502858487,49.494949494949495,-0.6883043612544757,-1.3565748451993498,18.56195149488032,5.487148505119678,0.157133730105177,0.1947869552001867,0.1585703054973084,-2348406.0,0.5676414402429075,0,0,-1,0,0,-0.0062545989698306,-0.8008694570256727,0.2944269875858912,3.092147052595043,0.1624790619765495,-0.1153601019757807,0.5970923212420383,0.0461671469740634,0.0
2025-05-23,13.48,13.88,0.0252252453887685,-0.0107720969819111,-0.0165366626985035,0.0623869647328932,-0.0292418495944975,12.2961,11.92305,13.3457,4,23,5,12.657725169737136,13.395736760738586,74.61928934010152,-0.5508613482769995,-1.1954321458148798,18.29350177196623,5.55259822803377,0.1525875254156441,0.1949479692354108,0.1585068359261529,-2356144.0,0.4888036377110663,0,0,-1,0,0,-0.0021613832853026,-0.7892466895997846,0.4274603612225318,3.094703071163807,0.0698412698412698,-0.130883301096067,-0.990763357983918,0.0526632047477744,0.0
2025-05-27,13.18,13.48,0.010772096981911,0.010772096981911,-0.0499399790693265,1.788134400524972,-0.0225065764097998,12.8421,11.78355,13.2317,1,27,5,12.75268422978493,13.381818260045774,70.58823529411764,-0.4608320777302364,-1.0485121321979511,17.897908062445296,5.669191937554705,0.1534570875530881,0.1950711195170936,0.1585979590172966,-2402404.0,0.456777305397624,0,0,-1,0,0,0.0385756676557863,0.1251975295607552,0.3816569089969958,3.096658021279128,0.0007593014426727,-0.1747025673137132,-0.5552699701913354,0.1138088012139605,0.0
2025-05-28,13.49,13.18,-0.0656820318396501,-0.0299512363766049,0.043059489460447,-0.6974799429706993,0.0232481411453034,13.0381,11.67305,13.112033333333336,2,28,5,12.886741642551303,13.388797727139597,66.34189548272806,-0.3603153321140517,-0.9108727721811714,17.565234206753562,5.780865793246438,0.0262087579904786,0.1949740508716633,0.1585744386523591,-2379374.0,0.6167322460548434,0,0,-1,0,0,-0.0053110773899848,-0.5008628885319547,0.3944590855892886,3.0951171043036645,0.0044676098287417,-0.140764331210191,-0.5157266218753928,0.039799851742031,0.0
2025-05-29,12.99,13.49,0.0091116803512558,-0.0064164077942699,-0.0046083030861943,0.5300661662236619,-0.0377688395371562,13.175,11.532050000000002,13.0017,3,29,5,12.905515889360158,13.363068841517688,80.97297297297297,-0.3173427783450844,-0.792166773413954,17.13528397127431,5.928816028725696,0.0311658004105211,0.1952966786241848,0.1584853880807042,-2418503.0,0.5203959026070891,0,0,-1,0,0,-0.0192735359525574,-0.1238701172724745,0.4582720546663656,3.1002386610989814,-0.0441501103752759,-0.1783681214421252,0.461698704239571,0.0392609699769052,0.0
2025-05-30,10.79,12.99,0.0356385154473586,0.0154358081298392,-0.4217634898412838,2.038194447020663,-0.185560051412465,13.06,11.29055,12.815366666666668,4,30,5,12.520876636749218,13.19706440012945,68.77869605142331,-0.4555569566931012,-0.7248448100697835,16.558226107015443,6.022873892984555,0.0644441329595031,0.1993992266485522,0.1617017584330136,-2718886.0,-0.1900458531736119,0,0,-1,0,0,0.0554272517321016,3.5794967708729133,1.1498543066490314,3.165364591984036,-0.2226224783861672,-0.3092189500640205,-1.6139010919756396,0.4810009267840595,0.0
2025-06-02,10.98,10.79,-0.2247860373117133,-0.189789195274617,0.1858462454425953,-2.2706518556577286,0.0174556568113413,12.898,11.13505,12.635366666666668,0,2,6,12.24071724824936,13.054027987217877,66.2027833001988,-0.5434961909350715,-0.6885750862428411,16.23573872439382,6.034361275606181,0.0613586093039072,0.1979848832969803,0.1617316252160247,-2687873.0,-0.0607957114726407,0,0,-1,0,0,0.0148285449490268,-0.4337986774683297,1.239341118953338,3.1429125873237336,-0.185459940652819,-0.2207239176721078,-1.6582919723274898,0.098351548269581,0.0
2025-06-03,11.84,10.98,0.0446502737377389,0.0465200156348929,0.0382358324538787,0.589140019494195,0.075408193374475,12.765,11.39255,12.493366666666669,1,3,6,12.167859566749474,12.975703600945756,52.18002812939521,-0.5375967739914866,-0.6583794237925703,16.049027795840782,6.7360722041592185,0.0655272459453038,0.1532260350465692,0.1622978539868461,-2631974.0,0.1921838864558389,0,0,-1,0,0,0.0428051001821492,-0.0487248738884693,1.4963794854598471,2.432387898682137,-0.101669195751138,0.7698056801195814,-1.257969690391487,0.1030405405405406,0.0
2025-06-04,11.72,11.84,-0.0336154911041689,0.0492710490067826,0.0368365773564902,-1.881130150072161,-0.010186845306993,12.594,11.58555,12.345033333333332,2,4,6,12.086430554613203,12.894690465400869,50.69337442218799,-0.5364209142893444,-0.6339877218919252,15.935421503244338,7.235678496755661,0.0647730092389937,0.1501506987821689,0.1623193198287396,-2640494.0,0.0618179180234275,0,0,-1,0,0,-0.0649070945945945,-0.6947806215351359,1.4569611334013766,2.383568448961127,-0.1312083024462564,0.4910941475826973,-1.032047542413719,0.1211604095563139,0.0
2025-06-05,16.05,11.72,0.2523826678185799,0.377843530798235,0.2477920576084002,3.219950364714313,0.3144120654271583,12.84,11.89805,12.3567,3,5,6,12.80707954468353,13.09825882247178,68.4304932735426,-0.1839734924225453,-0.5439848759980493,16.59220235215725,7.20389764784275,0.137254392427167,0.1615489812663384,0.1753199046961046,-2427265.0,1.7689881744430058,0,0,-1,0,0,0.2158703071672354,1.9691491271354955,3.1287294649213564,2.5645105739193834,0.2355658198614318,0.6377551020408163,1.0051144033009909,0.2517133956386293,0.0
2025-06-06,17.64,16.05,0.1189519428613652,-0.0010989012094857,0.1245817958734358,-1.2733529937682413,0.0944602010026204,13.216,12.41705,12.4217,4,6,6,13.68579235474107,13.39127438231231,70.86092715231788,0.2210946984123811,-0.3909689611159632,17.24542723529511,7.5886727647048895,0.1392567191706367,0.1462344141578259,0.1759155680721135,-2367584.0,2.1634390792088865,0,0,-1,0,0,0.0,-0.0002995788322022,2.399678758960033,2.3213993578849816,0.6348470806302133,1.4297520661157028,1.7699158896668707,0.1213151927437642,0.0
2025-06-09,16.84,17.64,0.0916217091734419,0.0382899295355657,0.0071333753774734,1.056391374466807,-0.0464120417644645,13.552,12.92405,12.466033333333334,0,9,6,14.259284653879057,13.613772809259904,64.90658001624695,0.4721185550675244,-0.2183514578792657,17.33634557033527,8.511754429664732,0.1401546992788539,0.1449022049684943,0.1762360078759019,-2539225.0,1.775017080146536,0,0,-1,0,0,-0.0028344671201814,1.3900212257524458,2.588055891109832,2.3002511926292644,0.5336976320582878,1.5134328358208955,1.5094531854714317,0.1624168646080759,0.0
2025-06-10,17.45,16.84,-0.054920342323014,-0.0627764061441718,0.0295679914729544,-1.32151408548429,0.0355826398342554,13.979,13.41055,12.515366666666663,1,10,6,14.839414716810136,13.861271337694747,65.87677725118483,0.7120703680586757,-0.0322670926916774,17.543679690937058,9.277420309062943,0.138929118272235,0.1431362839406251,0.1762533633757562,-2493443.0,1.95466888390051,0,0,-1,0,0,-0.0112826603325416,-0.2215977836067212,2.62548679387476,2.272218065380935,0.4738175675675675,1.2603626943005182,1.679369656426659,0.0630372492836677,0.0
2025-06-11,17.3,17.45,0.0348220488090941,-0.006783519511646,0.0330803937969953,-0.8530663629220071,-0.0086331471447027,14.36,13.69905,12.5687,2,11,6,15.286793859208291,14.08312479977896,64.66403162055336,0.8799862287433822,0.1501835715953345,18.07770211055449,9.320397889445506,0.1396250087440459,0.0981578247983188,0.1762006294863887,-2512951.0,1.64477556521109,0,0,-1,0,0,-0.0120343839541547,-0.5082071172108041,2.6218142007781435,1.5582071619084026,0.4761092150170649,0.5004336513443193,1.6813216491199632,0.0242774566473987,0.0
2025-06-12,17.56,17.3,0.0092379409849363,0.0168732912072628,-0.0072897246561928,0.13241584342147,0.0149170867032371,14.816999999999998,13.996,12.627033333333332,3,12,6,15.700104066624965,14.30743932882548,64.58003169572108,1.022256646900992,0.324598186656466,18.58190242511021,9.410097574889788,0.1376780045631196,0.0981069531924669,0.1761866064555109,-2490681.0,1.5543287534794614,0,0,-1,0,0,0.0057803468208091,-0.4555010259993023,0.8557949184635495,1.5573996002011314,0.0940809968847351,0.5110575681955081,0.5883735154911911,0.0481207289293849,0.0
2025-06-13,16.61,17.56,0.0091533819864872,-0.020851699410071,-0.0281959619420517,-1.2560463051531208,-0.055618664581767,15.399,14.229499999999998,12.660033333333333,4,13,6,15.865539690874968,14.45599163019158,61.8830675778284,1.0462889500512471,0.4689363393354222,18.85005578794086,9.608944212059134,0.122338473079785,0.0996788090691978,0.1766179912130912,-2497023.0,1.030395523505134,0,0,-1,0,0,0.0,-0.6455281915419223,0.6122669063869395,1.5823520386811238,-0.058390022675737,0.3911222780569514,0.063682217120973,0.057194461167971,0.0
2025-06-16,16.47,16.61,-0.0508138505332267,-0.0277153998465467,-0.0163888341933466,0.8783029385897752,-0.0084643794356545,15.948000000000002,14.422999999999998,12.739366666666664,0,16,6,15.975441565261336,14.585927654050188,62.64411990776326,1.0420260656242224,0.5835542845931823,19.080218957817287,9.76578104218271,0.1233713193141534,0.0995386502860048,0.1753310562689524,-2512287.0,0.8790653901140065,0,0,-1,0,0,0.0048163756773029,-0.5249560508438943,0.5342648630790398,1.5801270869747828,-0.0219714964370546,0.3071428571428571,-0.5936640902847976,0.0449301760777169,0.0
2025-06-17,16.265,16.47,-0.0181383449180054,-0.0412367956046853,-0.0185304869934884,-0.5106509360198919,-0.012524984264234,16.3905,14.57775,13.058533333333337,1,17,6,16.028088553395637,14.694254902175985,60.75164664858583,1.0104579816358203,0.6689350240017099,19.265247901753927,9.890252098246073,0.1241594279541519,0.0995334535777119,0.1420093774977023,-2521447.0,0.7198936555763278,0,0,-1,0,0,-0.004857316332726,-0.5897291848850695,0.3978881465660105,1.580044591788108,-0.0679083094555873,0.2350037965072133,-1.1082663005023408,0.0215185982170305,0.0
2025-06-18,15.93,16.265,-0.0079632886360737,-0.0079632886360737,-0.0119161021150788,0.3263620364706028,-0.0208114360033577,16.811500000000002,14.70275,13.327533333333331,2,18,6,16.01025427096007,14.773980392358178,61.53846153846153,0.9474863149026193,0.7246452821818917,19.39470893888796,10.01079106111204,0.1246538157242991,0.0998359232456475,0.1400184860774263,-2534142.0,0.5231290452387762,0,0,-1,0,0,-0.0003074085459575,-0.5403800683763705,0.3972940631694077,1.5848461489110957,-0.0791907514450868,0.186150409530901,-0.6441513543676479,0.0257376020087885,0.0
2025-06-20,15.72,15.93,-0.0167445772738017,-0.0154945771110412,-0.0133377652061245,0.5367029443549932,-0.0132703369208965,16.7785,14.80925,13.524866666666666,4,20,6,15.957480767149146,14.835013915431844,72.93023255813955,0.8705998373777177,0.753836193221057,19.49154619220944,10.126953807790558,0.0437391961691949,0.1000047751494046,0.1342046085819672,-2555855.0,0.3890185339045128,0,0,-1,0,0,0.0037664783427495,-0.4313711645580931,0.2954187374365185,1.5875265897855424,-0.1047835990888381,0.1567328918322297,-1.94290607438866,0.0235368956743003,0.0
2025-06-23,15.55,15.72,-0.0285461819063614,-0.0132035869757022,-0.0174141775666606,-0.5145014482356909,-0.0108731483758173,16.569499999999998,14.892749999999998,13.8012,0,23,6,15.88339335494021,14.881142049920111,71.29543336439889,0.7868785249308257,0.7604446595630108,19.56482321837905,10.22067678162094,0.0259090871091785,0.1000968745428316,0.1233847966346863,-2568835.0,0.2813526112623857,0,0,-1,0,0,-0.0114503816793894,-0.5466177152765113,0.0726052313464266,1.5889886223309877,-0.0638169777242624,0.1203170028818443,-1.3442614972585711,0.0276527331189711,0.0
2025-06-24,15.52,15.55,0.0279205953986273,0.0113280003052075,0.0006504065269936,-0.5185596143657271,-0.0019311238701705,16.4375,14.994750000000002,14.0952,1,24,6,15.817321835860172,14.922358691860753,68.5858585858586,0.7099244650373269,0.7503406206578741,19.625852488949903,10.3636475110501,0.0232420638327901,0.099729308333423,0.1218485417692174,-2576563.0,0.2268358349888724,0,0,-1,0,0,0.027652733118971,-0.6131684145034354,0.1059287187608154,1.5831536896483134,-0.0576806314511232,0.1513353115727003,0.3868566501455076,0.0386597938144329,0.0
2025-06-25,15.73,15.52,-0.029208425583056,-0.011961112070578,0.0019486852545263,-0.7958083292167027,0.0134402023151137,16.2655,15.12225,14.3622,2,25,6,15.801445138431047,14.974464582708448,70.07007007007007,0.6582946521288875,0.7319314269520768,19.68285761764321,10.561642382356784,0.0192162692539844,0.0994171082627042,0.1198363361877557,-2573076.0,0.2665215036912419,0,0,-1,0,0,0.0,-0.6329449668898187,0.2075952299635131,1.5781976671698017,-0.0328927144174607,0.193474962063733,0.960366483040491,0.0241576605212968,0.0
2025-06-26,15.79,15.73,0.0172473135124779,0.0,0.0058233745931766,0.9511783186225038,0.0038071111973641,16.1145,15.23725,14.5042,3,26,6,15.799364204170857,15.027079770920809,47.72727272727271,0.6151283354384738,0.7085708086493563,19.740186439585557,10.734313560414446,0.0197221181985112,0.0994053961139501,0.0817987784999825,-2564049.0,0.2455064633561091,0,0,-1,0,0,0.003814367450731,-0.5523114253784385,0.1734180114609477,1.5780117425722722,-0.0087884494664155,0.1704966641957004,0.4643785725239008,0.0183660544648511,0.0
2025-06-27,16.21,15.79,0.0287160805081958,0.0287160805081958,0.0317486983145802,0.6162658969609465,0.0262515074800341,15.979500000000002,15.39825,14.657166666666669,4,27,6,15.874025257957973,15.10339720505495,34.28571428571428,0.6078028356332918,0.6884172140461434,19.79180422001488,11.004695779985118,0.0215384732303192,0.0987670668772547,0.0818265526460682,-2547331.0,0.3695185989976253,0,0,-1,0,0,0.0291323622545915,-0.4403164283178398,0.2288241695112083,1.567878580083005,0.0311704834605597,0.2478829869130101,0.4599516534049618,0.0154225786551511,0.0
2025-06-30,15.79,16.21,-0.0024645730281616,0.009797996326253,-0.0132118939722305,1.1056853532029969,-0.0262515074800341,15.8975,15.64825,14.785500000000004,0,30,6,15.85874793832925,15.147694159567536,37.41007194244603,0.5616326823883977,0.6630603077145943,19.469472283097662,11.827027716902334,0.0159074637647314,0.0894226888819349,0.0821043637093545,-2597841.0,0.074190920861631,0,0,-1,0,0,0.0,0.1958894773684491,0.310296816124609,1.4195411780898015,0.015434083601286,0.4633920296570899,-0.6128304579169427,0.039265357821406,0.0
2025-07-01,16.06,15.79,-0.0262515074800341,-0.0122625693544147,0.0,-1.9903601118041492,0.0169548802510648,15.8565,15.90225,14.900833333333331,1,1,7,15.895339222269383,15.20655260088576,31.85378590078328,0.5405975744912475,0.638567761069925,19.02920997483347,12.775290025166532,0.017274381354252,0.089424200453605,0.0817094969075292,-2590939.0,0.1008967183907747,0,0,-1,0,0,0.0,-0.564866744050456,0.3196639771082314,1.41956517354617,0.0347938144329895,0.4626593806921675,-1.3761734648847352,0.0261519302615194,0.0
2025-07-02,16.23,16.06,0.0219238345742521,0.001233045778915,0.0163320213084743,-1.2446821164414292,0.0105296730078842,15.853,16.12175,15.002833333333331,2,2,7,15.956186636402224,15.272581465344745,36.1038961038961,0.5315176742927257,0.6171577437144852,18.59633082574764,13.647169174252356,0.0173189394557883,0.0884716206215294,0.0814530929705899,-2588951.0,0.0874895649991923,0,0,-1,0,0,0.0049813200498133,-0.6001462131301333,0.3165570400540362,1.4044434375085229,0.031786395422759,0.370777027027027,-1.281414068746968,0.0110905730129389,0.0
2025-07-03,16.01,16.23,0.0067922459339436,0.0012315272492465,-0.0024953225674015,-0.1298016508169718,-0.0136478545178764,15.861,16.33625,15.088833333333332,3,3,7,15.965970884329092,15.32015685467734,29.65879265091867,0.5007967533475295,0.5938855456410941,17.69765359072616,14.974846409273844,0.0165167113349983,0.0885341715599372,0.0815401651207302,-2590697.0,-0.4792847649622842,0,0,-1,0,0,0.0012322858903265,-0.5963859034085696,0.3480736410550794,1.4054364028723283,0.01393286890437,0.3660409556313992,-0.4785961996938906,0.014990630855715,0.0
2025-07-07,16.18,16.01,-0.0155041865359651,-0.0012315272492466,-0.0006248047688421,1.186990937210508,0.0105623846217221,15.907,16.342750000000002,15.175166666666666,0,7,7,16.004885268996528,15.37563060598848,42.90429042904291,0.4845818237939134,0.572024801271658,17.699632941078356,14.985867058921649,0.0160133276721031,0.0321312141583619,0.0815387580015909,-2584975.0,-0.2398880479264637,0,0,-1,0,0,-0.0006246096189882,-0.5061935202344702,0.2939984282381224,0.5100672119135004,-0.0018507094386182,0.0080996884735202,-0.7572681953150547,0.0142150803461063,0.0
2025-07-08,16.12,16.18,0.0124225199985571,0.0073665158167626,0.0037429862788342,0.663887180229811,-0.0037151745518633,15.964,16.266750000000002,15.249833333333331,1,8,7,16.025815220088067,15.423654437860192,44.06779661016952,0.4615691943853086,0.5499336798943881,17.48041029670145,15.053089703298554,0.0154808223178545,0.0223241607927188,0.0815328537838135,-2596089.0,-0.2418304370652081,0,0,-1,0,0,0.0012360939431396,-0.3076175749295263,0.1986135960256539,0.3543850661145158,0.0208993033565549,-0.0861678004535146,-0.7309048611796096,0.0179900744416875,0.0
2025-07-09,15.97,16.12,-0.004950505159856,-0.0141671602647801,-0.0141721817693735,0.6307298559969096,-0.0093487748515612,16.009,16.22325,15.332833333333332,2,9,7,16.01566699825387,15.458902538643407,44.90500863557858,0.4263134967644895,0.5252096432684085,17.41251901476229,15.033980985237712,0.0159482599102192,0.0201842602325823,0.0813078400417973,-2616972.0,-0.4258918661067098,0,0,-1,0,0,0.0,0.4463030073020564,0.1780356320670678,0.3204151978393422,-0.0056039850560397,-0.0516627078384798,0.1954328926123191,0.0179085785848466,0.0
2025-07-10,16.0787,15.97,-0.0080972102326193,0.0111043707342343,0.0041595824769439,-0.6047082288088783,0.0067834524845596,16.04387,16.154685,15.429456666666663,3,10,7,16.02712754402589,15.498889471634158,52.78600067448573,0.4025044630528587,0.5006686072252986,17.194945059135005,15.114424940864996,0.0155915914416986,0.0181908896519634,0.081101752262158,-2605565.0,-0.1460884695759294,0,0,-1,0,0,0.0012523481527864,-0.1802208353186236,0.1639070479253179,0.288771420876682,-0.0093222427603203,-0.0785845272206302,0.2026338844997862,0.0248776331419828,0.0
2025-07-11,15.95,16.0787,0.0018744147943503,-0.0030721990369702,-0.0225607670917816,-0.8517494711944436,-0.0080365854806271,16.05987,16.087184999999998,15.511456666666666,4,11,7,16.013104354203,15.52799337669002,54.44461621705184,0.3689970495972723,0.4743342956996933,16.979160242221905,15.195209757778091,0.0159091286975061,0.0181833729145005,0.0811175180008723,-2610432.0,-0.3075982235970394,0,0,-1,0,0,-0.003650792663586,-0.7129056718314631,0.1421864853103945,0.2886520963686965,-0.0037476577139289,-0.0780346820809249,0.4851413216468035,0.0441818181818182,0.0
2025-07-14,16.32,15.95,-0.0284919557943061,0.0061349885675159,-0.0016288273793315,1.4217681984678785,0.0229325203051073,16.07087,16.025185,15.622456666666668,0,14,7,16.068903562529727,15.57909057819389,63.81215469613256,0.3680553775212747,0.4530785120640096,16.603264034024708,15.447105965975291,0.015329688911403,0.0187147807996417,0.0806976720158218,-2590261.0,1.0199816379688955,0,0,-1,0,0,-0.0238244514106582,0.7085960210867455,0.2148505579933813,0.2970879350216315,0.0086526576019778,-0.0706150341685648,1.2519822308863788,0.050857843137255,0.0
2025-07-15,15.66,16.32,0.0384299257844386,-0.0104519857129169,0.0077022203620923,-0.4512134504835949,-0.0412816589733038,16.05787,15.977685000000005,15.78479,1,15,7,15.994557460251594,15.584310540891058,52.04834084391644,0.3104736643275867,0.424557542516725,16.507542876773524,15.447827123226482,0.0185015965225019,0.016935150669352,0.0739439508109901,-2603107.0,-1.1991328766668192,0,0,-1,0,0,-0.008578431372549,-3.7392639348488e-05,0.3736939295365312,0.268837182519087,-0.0285359801488834,-0.0571944611679711,-0.5399306438916569,0.0344827586206896,0.0
2025-07-16,15.8,15.66,-0.0024752487885428,0.001852424117239,0.010178204915756,-0.4347308659490503,0.008900249470264,16.03187,15.944185,15.945456666666669,2,16,7,15.959183376569484,15.59822598986583,51.04558762024258,0.2729897162205361,0.3942439772574873,16.425479833701097,15.462890166298902,0.0177973512076555,0.0170762558744156,0.0739491903631303,-2594790.0,-0.5991545718088584,0,0,-1,0,0,0.0306513409961686,-0.3898473333540423,0.3844350773789068,0.271077158206857,-0.010644959298685,-0.0406800242865815,-1.1656579141793095,0.0259493670886076,0.0
2025-07-17,15.91,15.8,-0.0181311625185131,0.0,0.0,-0.502682841377369,0.0069379023167744,15.99987,15.926435,16.081123333333334,3,17,7,15.95024094446594,15.618340442132553,51.7660563960676,0.2492858854674828,0.3652523588994864,16.383486766157148,15.469383233842851,0.0175595702185403,0.0169987586383671,0.0729640879779056,-2589759.0,-0.071917455382288,0,0,-1,0,0,0.0031645569620252,-0.6702450516420619,0.3846584912066288,0.2698469277235831,-0.0104921417776313,-0.021826006762988,-1.1689915024186703,0.0257699560025141,0.0
2025-07-18,15.65,15.91,-0.0031595602903684,-0.0130396135078035,-0.0095390230467589,0.1794684878115481,-0.0164769253635332,15.96387,15.912435,16.212123333333334,4,18,7,15.89565168183577,15.620382994253037,41.35108420337308,0.2071329025644654,0.3336284676324823,16.38588618249987,15.438983817500128,0.0177866399328943,0.0167651724970422,0.0730379187640156,-2595779.0,-1.1086042646015326,0,0,-1,0,0,-0.0069138906348208,-0.5436694518303995,0.3973800111019949,0.2661388626856407,-0.018808777429467,-0.017576898932831,-0.8009825193466872,0.0223642172523961,0.0
2025-07-21,15.75,15.65,-0.0209780013219826,0.0124225199985571,-0.0114389782752237,-0.3132554714917753,0.0063694482854799,15.920870000000004,15.913935,16.202123333333336,0,21,7,15.869169557865629,15.62874538172058,49.31445807911155,0.1797237803177793,0.3028475301695417,16.38500321620206,15.44286678379794,0.0174978682816891,0.0165714972982576,0.0278233607041076,-2591378.0,-0.6960138441167111,0,0,-1,0,0,-0.0113738019169329,-0.619929049575716,0.3398997853365434,0.2630643642190117,-0.0349264705882352,0.0019083969465647,-1.256413031926705,0.0462222222222222,0.0
2025-07-22,15.81,15.75,0.0216107125104421,-0.0243685910169576,0.0216107125104421,-2.66927529020368,0.0038022859497387,15.889870000000002,15.926935,16.141123333333333,1,22,7,15.858411456435514,15.640439228061188,45.3830243037601,0.1609875873288597,0.2744755416014053,16.36918375246023,15.484686247539768,0.017603776551834,0.0163802153650212,0.0205931733015827,-2591073.0,-0.528820033293434,0,0,-1,0,0,0.0038095238095238,-0.9191511722084644,0.1649238416854058,0.2600278576651526,0.0095785440613027,0.0167202572347267,-2.0664530122665936,0.0,0.0
2025-07-23,16.2,15.81,0.0138193154000809,0.0243685910169577,-0.0149370640153878,1.5596964762767762,0.0243685910169577,15.912870000000002,15.960935,16.119790000000002,2,23,7,15.920518464356327,15.676539923024984,49.48759991801597,0.1755847285788085,0.254697378996886,16.37512341517256,15.546746584827442,0.0191999901616476,0.0171929887020987,0.0196239738931067,-2589622.0,1.154378013689248,0,0,-1,0,0,0.0139152435167615,-0.7751152597378178,0.2313346645148696,0.2729302343981794,0.0253164556962024,0.0438144329896907,-0.3167368289648449,0.0385432098765431,0.0
2025-07-24,15.84,16.2,-0.0018732443816804,0.0006170935092463,0.0111347780656491,0.4580440448051281,-0.0224728558520585,15.889,15.966435,16.066123333333334,3,24,7,15.90587874356427,15.687085734442729,47.22892351828908,0.1563023209703207,0.2350183673915729,16.370509382287533,15.562360617712468,0.0204770811529564,0.0178100985015838,0.0186684578017861,-2591916.0,-0.6258006225696919,0,0,-1,0,0,-0.0123456790123456,-0.6921542198853663,0.2993092837540687,0.2827265487645298,-0.004399748585795,0.0069930069930068,0.1954903978750542,0.029040404040404,0.0
2025-07-25,15.69,15.84,0.0,-0.0130396135078035,-0.0123360951618623,-0.5301924262568409,-0.0095148196413386,15.863,15.961435,16.01245666666667,4,25,7,15.86662806291622,15.687273751575454,41.96035965084991,0.1274479865651478,0.2135042912262879,16.37701284893605,15.54585715106395,0.0205355129258793,0.017927311015343,0.0186780853897531,-2593266.0,-1.306301578368146,0,0,-1,0,0,0.0101010101010101,-0.7310256590579887,0.2801000983333905,0.2845872397362385,0.0025559105431309,-0.0063331222292589,0.0856919956297383,0.0282409177820267,0.0
2025-07-28,15.57,15.69,-0.0109472025647064,-0.004384598317824,0.0008417157361273,1.827174278643658,-0.0076775808990341,15.788,15.929435000000002,15.946123333333334,0,28,7,15.812695687840542,15.679707703086716,41.15015768809937,0.0938162660304406,0.1895666861871185,16.36261304908666,15.496256950913342,0.0186520403543933,0.0168389857748922,0.0183763712721755,-2601658.0,-1.659525457293398,0,0,-1,0,0,0.008655194391332,-0.0790511497251149,0.2796591980435557,0.2673106121455141,-0.0114285714285714,-0.0394818013571869,0.8335430363583822,0.0231213872832369,0.0
2025-07-29,15.61,15.57,-0.0164239942314255,-0.0145434115676948,-0.0109719829409127,-1.0366987541231505,0.0025657486814336,15.783,15.920435,15.91279,1,29,7,15.775841926414987,15.675210431919831,43.99479548942415,0.0695883793889375,0.1655710248274823,16.372862814655207,15.468007185344796,0.0137733545613522,0.015876300218173,0.0157573614774731,-2598682.0,-1.3723073159707688,0,0,-1,0,0,-0.0001284521515735,-0.6690486644260847,0.2781219585238229,0.252028452702518,-0.0126502213788741,-0.0113996200126662,0.9099242657245952,0.0192120435618192,0.0
2025-07-30,15.56,15.61,0.0304913241323757,0.0220481372217626,0.0103295158452512,-0.3562909930797249,-0.003208215777095,15.759,15.895435,15.882456666666666,2,30,7,15.73659793979408,15.66777750082823,41.17466907135807,0.0458247829673741,0.1416217764554607,16.370102064594256,15.420767935405744,0.0134050023249485,0.0153347994106753,0.0157120598853973,-2600766.0,-1.4133485342478096,0,0,-1,0,0,0.0281870595771941,-0.7669913565840975,0.1461986189594999,0.2434323938742414,-0.039506172839506,-0.0311332503113324,-0.8503364847115722,0.0314910025706941,0.0
2025-07-31,15.81,15.56,-0.0284379353205336,0.024008540052009,-0.0161973090806531,2.629656272068146,0.0159391324711351,15.749,15.874435,15.86729,3,31,7,15.74994376892243,15.676953145936086,47.71241830065361,0.0466273808368917,0.1226228973317469,16.323237454609107,15.425632545390894,0.0143178615508169,0.0156081081493055,0.015905346093806,-2571863.0,-0.2871419233039647,0,0,-1,0,0,0.0025706940874035,2.72681416184548,0.163168963956919,0.2477710355955779,-0.0018939393939393,-0.0258780036968576,1.251789200761667,0.0714737507906388,0.0
2025-08-01,16.35,15.81,0.02531780798429,-0.0054894922847714,0.0440825125701889,-1.9229261351501292,0.0335852461218817,15.819,15.891435,15.881290000000002,4,1,8,15.859044901845625,15.72037552361763,50.46439628482974,0.0898017537450677,0.1160586686144111,16.385348801450373,15.397521198549628,0.0168124037567963,0.0171856566719745,0.016680524380382,-2567638.0,1.856862467310808,0,0,-1,0,0,0.0120177103099303,-0.5166707473752876,0.2689670701039731,0.272813842028295,0.0420650095602295,0.0212367270455964,1.0008272668882277,0.0214067278287462,0.0
2025-08-04,16.66,16.35,0.0246926125903714,0.0330857245857652,0.0246926125903714,1.4804742628093217,0.0187827393954341,15.91,15.915435,15.912623333333334,0,4,8,16.004673101510054,15.780996457577784,67.36111111111114,0.1473337923056608,0.122313693352661,16.50564796878865,15.325222031211348,0.017427142219228,0.0175243662580339,0.0167700220516203,-2549069.0,2.5230384263773096,0,0,-1,0,0,0.0030581039755349,1.23975743282656,0.2329439000069205,0.2781906900166164,0.0700064226075787,0.0296662546353523,0.3276080809878915,0.0300120048019207,0.0
2025-08-05,16.91,16.66,0.0294403959895561,0.0111798751984718,0.006684923101884,-0.3411251903518794,0.0148945261717923,16.02,15.954935,15.957956666666666,1,5,8,16.16927799214459,15.853835395798573,68.56187290969902,0.2106727536587698,0.1399855054138828,16.690608927411922,15.21926107258808,0.0176455946056501,0.0177239924967466,0.0167483224883062,-2535867.0,2.596435633813716,0,0,-1,0,0,0.0138055222088835,0.5436167596789949,0.2111883991950775,0.2813596583133981,0.0832799487508009,0.0490074441687344,-0.2637561987921936,0.0342992312241276,0.0
2025-08-06,16.6,16.91,-0.0053428444104954,-0.0058685614436589,0.0054364374304608,-0.6546608915287853,-0.0185024675479913,16.060000000000002,15.986435,15.993956666666667,2,6,8,16.247591084481936,15.901975047682535,60.815047021943606,0.2331671221985711,0.1586218287708204,16.77674653157939,15.196123468420607,0.0180658117051811,0.0181514325255344,0.0171749037697153,-2542727.0,1.5527168097214188,0,0,-1,0,0,-0.0065050266114724,-0.1781538646720706,0.3051544062237601,0.2881450584127986,0.0668380462724935,0.0394489668127739,-1.2788655809081293,0.0234939759036142,0.0
2025-08-07,16.93,16.6,-0.0029806281381377,0.0192369674504486,0.0030075210639551,1.4091364393743404,0.0196845007825462,16.169,16.029,16.03395666666667,3,7,8,16.371665432757947,15.96829923815463,69.63190184049083,0.2744585263571188,0.1817891682880801,16.92488298108038,15.13311701891962,0.0164773826862171,0.0185608572309225,0.0173551030520089,-2514653.0,2.011423409145353,0,0,-1,0,0,0.0090361445783131,2.2043703472082057,0.3086144492917499,0.2946444741191769,0.070841239721695,0.052945822734425,-1.4168322967813294,0.0395747194329593,0.0
2025-08-08,17.12,16.93,0.0118695755553837,0.0011540682181066,0.011940440371918,-1.5496056288743447,0.0111601745685522,16.312,16.0875,16.078290000000003,4,8,8,16.50772626316559,16.042602513112396,70.4477611940299,0.3188383042436484,0.2091989954791938,17.106061937759616,15.06893806224038,0.0154763021090424,0.0184724007451012,0.0174255481659109,-2508692.0,2.0273681191563924,0,0,-1,0,0,0.0011813349084465,-0.3608194530180741,0.2516293761445172,0.2932402709391727,0.0470948012232415,0.0733542319749216,-1.9838097472166745,0.0286214953271027,0.0
2025-08-11,17.12,17.12,0.0099795368871369,-0.0057837061168488,-0.0089419373756613,0.5143423317359574,0.0,16.467000000000002,16.1275,16.108623333333334,0,11,8,16.619048760771847,16.11211202839547,69.9088145896657,0.3499753005451325,0.2373542564923815,17.242750738859343,15.012249261140658,0.0147409354685624,0.0179038125718273,0.0168422418133272,-2508692.0,1.779868805135444,0,0,-1,0,0,0.0,0.1712978045556656,0.2418062343899333,0.2842142135098011,0.027611044417767,0.0490196078431373,-1.159667261194472,0.0315420560747663,0.0
2025-08-12,19.47,17.12,0.0737324009681358,0.1780588105599886,0.0612584469723417,1.530537981832914,0.1286274486705121,16.853,16.318,16.23129,1,12,8,17.137403531540603,16.328749962047375,81.14285714285718,0.5578464480685703,0.3014526948076193,18.161104931758818,14.474895068241183,0.0426638566304877,0.0330964809744911,0.0292844295263451,-2462624.0,3.4203153013020726,0,0,-1,0,0,0.0765186915887849,3.0538706459774985,0.978476978069407,0.5253903475793054,0.1513897102306327,0.2432950191570879,1.932841412812205,0.1461222393425784,0.0
2025-08-13,19.56,19.47,0.0461253242291079,-0.0492514355872805,0.0563915126308809,-0.6201624031131139,0.0046118452225628,17.253,16.506,16.34795666666667,2,13,8,17.577875616715037,16.537217706431417,87.34939759036149,0.7215307209365811,0.3854683000334117,18.83075375040024,14.18124624959976,0.0421969591594097,0.0331276697508676,0.0292304629004645,-2437846.0,2.627375049485741,0,0,-1,0,0,-0.0087313816127374,1.128714442771683,0.9187824097586592,0.5258854540552379,0.1783132530120479,0.2379746835443037,2.1445357386617,0.0421779141104294,0.0
2025-08-14,20.15,19.56,-0.0031136506732795,0.0271646481844371,0.0239327662116281,-0.342511909441087,0.0297176237860207,17.687,16.718,16.478623333333335,3,14,8,18.04553459549412,16.770300435048746,91.14391143911443,0.8886163396116729,0.4860979079490639,19.53508770859104,13.90091229140896,0.0421421970029965,0.0333760968341541,0.0295306738226644,-2420254.0,2.436558854403937,0,0,-1,0,0,-0.016359918200409,0.4865502152317526,0.9112733626333894,0.5298291117430924,0.1901949202598936,0.2664990571967316,2.025573223893838,0.0451612903225806,0.0
2025-08-15,20.1997,20.15,0.0387408283164306,0.0108589418460226,0.0363630035304664,-0.3251338493525266,0.0024634644190341,18.07197,16.945485,16.618280000000002,4,15,8,18.437201032677,16.991552019884313,93.27065069069296,1.0133618660424482,0.5915506995677409,20.112503933202508,13.778466066797495,0.042590891175764,0.0327840019291208,0.0292780199100099,-2407545.0,2.0550650745300856,0,0,-1,0,0,-0.0074441687344912,0.0579565864364451,0.9286238794642356,0.5204298965154933,0.1798890186915887,0.2907156549520766,2.014944174845011,0.0206686237914424,0.0
2025-08-18,19.19,20.1997,0.0089597413714718,-0.0093712153132516,-0.0394863793127347,0.7859219419514397,-0.0512784427921176,18.32497,17.117485000000002,16.718613333333334,0,18,8,18.574073572190272,17.133387373440165,78.32547393739915,1.0190028127783286,0.6770411222098585,20.383241157639127,13.851728842360878,0.0483511848558603,0.0357046039036459,0.0311351507177617,-2435434.0,1.2692405066141,0,0,-1,0,0,-0.0009752620088417,1.1812923480401218,1.0991374065822554,0.5667930155346783,0.1209112149532709,0.2184126984126984,1.22883070572551,0.0521104742053152,0.0
2025-08-19,18.9432,19.19,-0.0550036798728786,-0.0394189488561804,-0.0340939401067178,-0.6206489203386072,-0.0129442819394432,18.52829,17.274145,16.81272,1,19,8,18.64118746815568,17.250149478379512,75.95991528805133,0.9921220409870308,0.740057305965293,20.576214421613948,13.972075578386056,0.0491618344222621,0.0360618036988061,0.031279584269502,-2450427.0,1.0109145429075928,0,0,-1,0,0,-0.0046899426784783,0.0890916832058655,0.4675758584571677,0.572463386492822,-0.0270570107858242,0.1981783681214421,-0.7419259219150247,0.0455519658769373,0.0
2025-08-20,19.1889,18.9432,0.0058727738121299,-0.0097119572045681,0.0228210457922879,-1.2475740265705948,0.012886958774876,18.78718,17.423589999999997,16.920016666666665,2,20,8,18.740771564854644,17.375230157193737,75.94404090971915,0.9793553731620896,0.7879169194046524,20.790869701011196,14.0563102989888,0.0479665026777633,0.035900186527251,0.031171760102796,-2446121.0,1.0485080876826949,0,0,-1,0,0,0.0142161831158409,-0.8170050350854209,0.4820639122334491,0.5698977934316267,-0.0189723926380367,0.1845000000000001,-0.8779489450049263,0.0128980817034847,0.0
2025-08-21,19.2,19.1889,-0.0174579481473596,-0.0006508298309783,-0.0044920144235076,0.0898908007757327,0.0005782921786943,19.014180000000003,17.59159,17.024060000000002,3,21,8,18.82426764397198,17.4929572438264,73.81748286812636,0.9590777231777388,0.8221490801592697,20.961475675961807,14.22170432403819,0.0481619517982348,0.0352091768365483,0.0311909816502344,-2441410.0,0.9545783772269594,0,0,-1,0,0,-0.0160978482351776,-0.8008292816929591,0.3888446575303778,0.5589283546608165,-0.0471464019851116,0.2121212121212121,-1.5104727977350103,0.0166666666666666,0.0
2025-08-22,19.49,19.2,0.0168071183163811,0.0236707492023586,0.0079135205907036,1.3987404663022365,0.0149912344857336,19.25118,17.78159,17.14206,4,22,8,18.945309890522527,17.621798711966633,73.72966627536476,0.955394917940108,0.8487982477154374,21.12846697250027,14.434713027499733,0.0481559068210137,0.0349133859226142,0.0311087452900887,-2422330.0,1.0208979977675947,0,0,-1,0,0,0.0,0.3498135417425476,0.4220088561001809,0.5542328194707642,-0.0351341851611658,0.2421924792861693,-1.3705605429859364,0.0323191380194971,0.0
2025-08-25,19.6499,19.49,0.0211293611745191,0.0131382038274356,0.0015752169179977,-0.4013853911676049,0.0081707357243272,19.50417,17.985585,17.253056666666666,0,25,8,19.073417183154792,17.752643956355886,73.32663590389757,0.9543773934041866,0.8699140768531873,21.26148435278526,14.70968564721474,0.0479597620766469,0.0346358295517601,0.0309621327322891,-2409558.0,1.0160965406858136,0,0,-1,0,0,0.0061570035915854,-0.2209452993165521,0.1799931740824878,0.5498267486782741,0.0239656070870244,0.2620359666024405,-1.1158348874727688,0.0437610369518419,0.0
2025-08-26,19.68,19.6499,-0.0097361773450758,-0.0012507881846382,0.0176811678432264,0.2953258192072805,0.0015306423803105,19.52517,18.189085,17.38705666666667,1,26,8,19.183704968035737,17.876989507558733,77.53441802252816,0.9451052315210084,0.8849523077867516,21.347168922937403,15.031001077062594,0.0212165296172613,0.0346518494326433,0.0296827181806059,-2392398.0,0.9441896012777692,0,0,-1,0,0,-0.0116998050880664,0.1058129569014578,0.1039789124381546,0.5500810564033732,0.0388952236158621,0.2607303010890456,-0.0474425689176047,0.0251524390243902,0.0
2025-08-27,21.2985,19.68,0.0839169959748818,0.1028441580139631,0.0672731806074248,1.694085386494385,0.0790337560762776,19.69902,18.47601,17.570339999999998,2,27,8,19.568213155665603,18.0977321199743,81.74089951318754,1.0561813983473378,0.9191981258988688,21.670872698573564,15.281147301426437,0.033320625637197,0.0377800159404755,0.0326292504087063,-2299019.0,1.766892831582516,0,0,-1,0,0,0.0731707317073171,3.6219423282235432,0.5466671096981821,0.5997391602393258,0.1099385582289762,0.3687982005141388,2.0805099822560598,0.0610371622414724,0.0
2025-08-28,22.16,21.2985,0.037179003241754,0.0356385154473586,0.0548532154031075,-1.193557356667612,0.039652214178698,19.90002,18.79351,17.778673333333337,3,28,8,20.039447127362763,18.359813918685635,83.36422613531047,1.199894276648909,0.975337356048877,22.131709937186432,15.45531006281357,0.0341923983451067,0.0381580517456941,0.0330740623414361,-2270712.0,2.0169492920411543,0,0,-1,0,0,0.0291804587177501,0.3870499975994244,0.5231634977647417,0.6057402926030446,0.1541666666666667,0.4016445287792536,1.3202814012125723,0.0419675090252707,0.0
2025-08-29,22.14,22.16,0.0045516692147191,-0.0154358081298393,-0.0077857045451218,0.9240816903224474,-0.0009029345985922,20.094050000000003,19.08301,17.99500666666667,4,29,8,20.421365831478624,18.60369689167366,83.14406443945597,1.2972203861256482,1.0397139620642313,22.53139783378704,15.634622166212967,0.0342920917742362,0.038166713315216,0.0327426024360531,-2342033.0,1.7729966276112274,0,0,-1,0,0,-0.0063176895306859,2.093049027585086,0.5618357817229535,0.605877790756555,0.1359671626475116,0.3541284403669724,1.2835954345293434,0.0338753387533875,0.0
2025-09-02,22.17,22.14,0.0094915966815713,-0.0095027865716075,0.0004642600307244,-0.6654772944826549,0.0013540963477292,20.39205,19.358510000000003,18.209006666666667,1,2,9,20.73929931666433,18.833780963178587,75.69960022844091,1.3610830600903228,1.1039877816694497,22.871630472202803,15.8453895277972,0.0275354110619394,0.0382959290246816,0.0327858782115436,-2305372.0,1.6005656636290269,0,0,-1,0,0,0.0040650406504064,0.5206536423333455,0.5776196228311232,0.6079290265529285,0.1282500165395246,0.330732292917167,1.286529367475935,0.0237753721244924,0.0
2025-09-03,22.32,22.17,0.000899280636144,0.005343035680688,0.0114188779729527,-0.0148944770536492,0.0067431138848901,20.72973,19.62901,18.42600666666667,2,3,9,21.026699440907176,19.058698320392875,75.97402597402599,1.4075728125117628,1.1647047878379124,23.18121880722195,16.076801192778053,0.0259958560438572,0.0383407147433122,0.0327649855824731,-2269253.0,1.515108005210157,0,0,-1,0,0,0.0036084799278303,0.4473571999529286,0.5653238198537232,0.6086399777956317,0.1341463414634147,0.3199290360733293,1.2882064287059405,0.017768817204301,0.0
2025-09-04,22.4,22.32,0.0098390775849885,0.0079038441291522,0.0153294255212075,0.0360541470285979,0.0035778213478839,21.05084,19.91901,18.632673333333333,3,4,9,21.276390451651324,19.274266170690108,73.42286071205498,1.4343374582834123,1.2186313219270124,23.375746343279207,16.462273656720793,0.0263181369079938,0.0376558995408483,0.0327111679430252,-2231808.0,1.435452261103852,0,0,-1,0,0,0.0067204301075268,0.4447566658612787,0.2717326869688392,0.597768873477096,0.051717257083832,0.3493975903614457,2.0859873347450715,0.0104642857142855,0.0
2025-09-05,22.41,22.4,0.0026666682469152,0.008184477627041,0.0022346378014161,-0.2120885794032693,0.0004463289518416,21.37184,20.19301,18.85167333333333,4,5,9,21.482501278623808,19.476571579032683,73.20135200386288,1.4397589048762036,1.2628568385168506,23.5184210817667,16.867598918233302,0.0263267041085228,0.0377937364139606,0.0321661646311428,-2201519.0,1.3333629710659247,0,0,-1,0,0,0.0058035714285715,0.1208770605565043,0.0477330752831494,0.5999569660035962,0.0112815884476533,0.3236857649143532,0.8670795188666524,0.0165104863900045,0.0
2025-09-08,22.3,22.41,-0.0044484059120361,-0.012373114104424,-0.0062696130135952,-0.3295170486378073,-0.0049206093467625,21.65284,20.45201,19.072006666666667,0,8,9,21.631137409783115,19.658728251353157,90.24743762294234,1.4188240393306517,1.2940502786796109,23.570093115532423,17.33392688446758,0.0271401380944821,0.0380445221380758,0.0320713020282828,-2223305.0,1.185337229013826,0,0,-1,0,0,0.000892458723784,-0.3002286168939804,0.0683990108702276,0.60393806595384,0.0072267389340561,0.3025700934579438,-0.509631588008909,0.0103139013452913,0.0
2025-09-09,22.2701,22.3,-0.0017849179214534,0.0,0.0004536257575525,-0.5099538841315147,-0.0013417068611218,21.91486,20.709515,19.29534333333333,1,9,9,21.747312426186184,19.82720384804005,95.61521375490167,1.3838679590390583,1.3120138147515004,23.502686564840147,17.916343435159853,0.0275268900047295,0.0380715782126481,0.0319567690980841,-2236388.0,1.1174286747325608,0,0,-1,0,0,0.0040358744394618,-0.7084795092654071,0.0712495351094165,0.6043675678224715,0.0045151105096976,0.3008235981308409,0.0533503017844388,0.0098742259801257,0.0
2025-09-10,22.59,22.2701,0.0004465282503306,0.0119338432869059,0.0004489317744005,1.5213127428659916,0.0142623588749605,22.20586,20.865515,19.52801,2,10,9,21.900528348697783,20.00544876106973,95.70265258405225,1.3662292299326673,1.3228568977877335,23.715138853497344,18.015891146502653,0.0272344565051226,0.0246684402626415,0.0319032804393087,-2176491.0,1.2103246524158204,0,0,-1,0,0,0.0058329329459678,1.3586628929211229,0.1165920803105988,0.3915993490008143,0.0120967741935482,0.160246533127889,1.309676243513214,0.0212439132359451,0.0
2025-09-11,22.58,22.59,0.0066741070876932,-0.0008791209357403,0.0098214058310226,-0.8241988166972821,-0.000442771758396,22.33401,21.016515,19.76201,3,11,9,22.02406864893455,20.171548841000718,95.4325501371041,1.336042428154922,1.3254940038611716,23.89477327835992,18.138256721640087,0.0132393636722199,0.0247280856780409,0.0318592981828736,-2202761.0,1.086410494676593,0,0,-1,0,0,-0.0017706949977865,-0.1337350148679739,0.1175794822617037,0.3925461906167659,0.0080357142857143,0.1543967280163598,1.7974441256909583,0.0106288751107173,0.0
2025-09-12,22.74,22.58,0.0105867773089054,0.0048256290178239,0.0053191614776,-0.6725760599577214,0.0070609296008739,22.392010000000003,21.146015,19.99301,4,12,9,22.154237985491903,20.33725536738777,95.26714580199447,1.3099297780082004,1.3223811586905774,24.092374330838837,18.199655669161164,0.0055424908703685,0.024145927719377,0.0318712356658468,-2189353.0,1.0820031238662178,0,0,-1,0,0,0.0093002657218778,-0.6902571686467895,0.1227263288804187,0.3833047195224768,0.0147255689424363,0.1285359801488834,0.859705450353968,0.0101143359718557,0.0
2025-09-15,22.51,22.74,-0.0226324281985095,0.0004375410264507,-0.0255218687951193,1.102260161687787,-0.0101658334037489,22.42901,21.26153,20.198343333333334,0,15,9,22.21892198812974,20.477432440459527,89.07347195278562,1.2561955959501354,1.309144046142489,24.23272422745521,18.290335772544783,0.0068100218646102,0.0244144043849694,0.0318662798486451,-2229724.0,0.8403826235683672,0,0,-1,0,0,-0.0202286719437114,0.4404752616933266,0.1469128550740344,0.3875666544623646,0.0094170403587443,0.114372985737412,0.1493451694865031,0.0359840071079519,0.0
2025-09-16,22.6,22.51,0.0102702398595575,0.0061012097269463,0.0018169424641889,-0.592270209193493,0.0039902513595992,22.47201,21.43203,20.39634333333333,1,16,9,22.28820889937888,20.614372283010525,89.24942201193616,1.2069600334151822,1.2887072435970277,24.29198352564376,18.57207647435624,0.0068472195455243,0.0206229146453297,0.0318573857755659,-2207396.0,0.8167755101804298,0,0,-1,0,0,0.0,-0.3481922739209792,0.1443357843935683,0.3273786207651252,0.0148135841329855,0.1776967170401251,-0.4089931658329792,0.0402566371681416,0.0
2025-09-17,22.46,22.6,-0.0143179179741383,-0.0125568230789601,0.003610479271176,0.1285532842918502,-0.0062139569679431,22.48601,21.60787,20.581343333333333,2,17,9,22.319443644946357,20.73344503894533,75.9113014768215,1.1434625410198187,1.259658303081586,24.247482840112028,18.96825715988797,0.0070564925465541,0.0203126528430266,0.0319929852509807,-2232787.0,0.6456477154913645,0,0,-1,0,0,-0.0181415929203539,-0.2381206691912222,0.1124296526587506,0.3224533673438255,-0.0057547587428065,0.1856497318298915,-0.191441556789476,0.0241718610863757,0.0
2025-09-18,22.43,22.46,0.0120942123657945,0.011255971686356,0.0018026142781158,0.097845443297307,-0.0013366007781802,22.48901,21.769925,20.775676666666666,3,18,9,22.339544800410653,20.84290019772305,59.575826358348685,1.0782897188750766,1.223384586240284,24.17146556509349,19.368384434906503,0.0070003032106967,0.0204074665234236,0.0316227850910143,-2260788.0,0.5497096402153019,0,0,-1,0,0,0.0,-0.1812564135018148,0.1122625787363606,0.3239584878591297,-0.0066430469441983,0.1689049398350086,-0.066382531099345,0.0338831921533659,0.0
2025-09-19,22.67,22.43,0.01106940680717,-0.0048003583343422,0.0109305876698134,-0.8202860129367625,0.0106431159873207,22.51501,21.943425,20.96701,4,19,9,22.399627563972352,20.960777604321564,66.25966376242485,1.0340854882046957,1.1855247666331663,24.045990433364462,19.84085956663554,0.0077575675566646,0.0203385067886234,0.0315736764969086,-2248459.0,0.69113187962703,0,0,-1,0,0,0.0124832813196612,-0.9493379304118736,0.1307110511440332,0.3228637860065788,-0.0030782761653472,0.1807291666666668,0.3691752065497637,0.0179047198941331,0.0
2025-09-22,22.5954,22.67,-0.0017628915980294,-0.0079051795071132,-0.000628144921654,-0.9740123001573854,-0.0032961187812472,22.54455,22.098695,21.14952333333333,0,22,9,22.435222552341013,21.06623711372017,62.70305781175344,0.9817170967882448,1.144763232664182,23.87113390070631,20.326256099293687,0.0076323149141339,0.020441207151088,0.0316690575620815,-2253114.0,0.560476301667794,0,0,-1,0,0,0.0,-1.238347860329505,0.1060315623440565,0.3244941037184039,0.0037938693913817,0.1593329912775785,0.8330001209470695,0.0106216309514325,0.0
2025-09-23,22.6,22.5954,-0.0075271553090632,0.0,0.0017809443709946,0.0971637484536476,0.0002035605400497,22.57754,22.2462,21.33219,1,23,9,22.46518208827901,21.165189557996293,59.15631131458471,0.9298670226381702,1.1017839906589797,23.60281099571115,20.88958900428885,0.007587468467216,0.0205071416266244,0.0316669178738168,-2247984.0,0.5215938852309457,0,0,-1,0,0,-0.0042220983031945,-1.1766097686199375,0.1021151987640827,0.3255407810689739,0.0,0.1501330795576569,1.4731985363301885,0.0088495575221238,0.0
2025-09-24,22.5,22.6,-0.0035618915663605,-0.000366028179436,-0.0031187372126547,0.4527999609092871,-0.0044345970678658,22.56854,22.3872,21.43319,2,24,9,22.471512617682823,21.251306360706213,53.22788896061978,0.870669762006191,1.055561144928422,23.006755123922925,21.767644876077075,0.0062568388999996,0.0206367885251793,0.0206401273831823,-2256052.0,0.3641322479451645,0,0,-1,0,0,-0.0079646017699114,-1.0054480672877146,0.0959179243188717,0.3275988617799363,0.0017809439002671,0.1432926829268292,1.77138623743258,0.0116311111111111,0.0
2025-09-25,22.4501,22.5,0.0119708811477364,0.000806848111635,0.0017833263754275,-0.5736578946616138,-0.0022202406890473,22.55555,22.44478,21.529526666666666,3,25,9,22.46761941446777,21.32864788582194,51.261879287557385,0.8103873525423211,1.006526386451202,22.792905873182622,22.09665412681738,0.0062838885661755,0.010622486201918,0.0206825733770067,-2260598.0,0.030563657629703,0,0,-1,0,0,0.0084444444444445,-1.2225111013647345,0.0971034908396546,0.1686267407729405,0.0008961212661613,0.0540695354132918,1.829021061123376,0.0106903755439843,0.0
2025-09-26,22.43,22.4501,-0.0026478391463044,-0.0026478391463044,-0.0008912656561463,-0.5541315140161668,-0.0008957199892101,22.52455,22.45828,21.605526666666663,4,26,9,22.46077952092817,21.3997028609302,54.3362241494329,0.7523189422496337,0.9556848976108884,22.779833470056666,22.13672652994333,0.0056831442393135,0.0058286094135068,0.0201397411367165,-2263210.0,-0.1758960958811318,0,0,-1,0,0,0.0080133273348448,-1.2075586225382071,0.029261282036475,0.0925263059848147,-0.0105866784296427,0.0121841155234656,0.0490503266789397,0.0089166295140436,0.0
2025-09-29,22.75,22.43,0.0004417936895361,0.007484076314949,0.0031159606782575,1.6263688107361816,0.0141657968648425,22.54855,22.48878,21.690536666666667,0,29,9,22.51336506257759,21.48681880538632,63.411771281649976,0.7237773792881299,0.9093033939463366,22.798729881178115,22.17883011882188,0.0066554389435776,0.0065607813110481,0.0202284173407999,-2249927.0,1.6855628336239754,0,0,-1,0,0,0.0093624609897459,-0.5820342152315882,0.1175316593394201,0.1041491745318817,0.0068421006045478,0.0275519421860885,1.930305192574536,0.0131868131868132,0.0
2025-09-30,22.64,22.75,0.0101077546997076,0.0204044413538052,0.0062029441246078,-0.1364286497981122,-0.0048468920619771,22.552550000000004,22.51228,21.805536666666665,1,30,9,22.53638959665439,21.56121759213559,51.58308004052686,0.6843926518477694,0.8643212455266233,22.79006416915261,22.234495830847383,0.0068096393374682,0.0067064308034184,0.0175649089717017,-2261516.0,0.9195628418251188,0,0,-1,0,0,0.0052747252747253,-0.6207955405134514,0.1258740828043645,0.1064612885442496,0.0017699115044247,0.0211998195760034,2.011222502635979,0.0278268551236748,0.0
2025-10-01,22.88,22.64,0.0026462550867656,-0.0116707613850506,0.0033072458763844,-0.7767051341745008,0.0105449131766148,22.59455,22.54028,21.93676333333333,2,1,10,22.5988642154445,21.646300328126845,58.29095732920629,0.6648816243449502,0.8244333212902887,22.847764055898534,22.232795944101465,0.0071219173957446,0.0069289558489398,0.0172305348251004,-2256186.0,2.2096755489143223,0,0,-1,0,0,0.0128356890459362,-0.9424364269566684,0.1346433307694562,0.1099937641298483,0.0168888888888889,0.0250896057347669,0.5841665545803948,0.0124562937062937,0.0
2025-10-02,23.39,22.88,0.01383286891191,0.0215062052209636,0.0142106768846825,1.0379603056268285,0.0220454140844905,22.69055,22.58978,22.0768,3,2,10,22.742707085363683,21.75879708115092,65.05187106335683,0.6827019689014904,0.7960870508125291,23.07153910381176,22.108020896188243,0.0094695297772509,0.0083712450419628,0.0174349247179053,-2241137.0,3.3220752598903704,0,0,-1,0,0,0.0161713286713287,-0.2198018245258535,0.1763616037395095,0.1328893952700973,0.0418661832241282,0.0441964285714286,-0.0180165893147548,0.0196622488242839,0.0
2025-10-03,23.39,23.39,0.0,-0.002923417961397,0.0086387558876612,-1.1263712629708813,0.0,22.76255,22.63878,22.21646666666667,4,3,10,22.86039670620665,21.864035979141185,72.80738129794725,0.688883697897051,0.7746463802294334,23.230378621399986,22.04718137860002,0.0092606689234208,0.008376754089867,0.0174423177156385,-2241137.0,2.539627283857702,0,0,-1,0,0,-0.0059854638734502,-0.8466862314840211,0.1735169622309949,0.1329768486943882,0.0427998216674097,0.0437304774654172,-0.0354213999495835,0.0081829841812741,0.0
2025-10-06,23.15,23.39,0.0037778013505502,-0.0039940698048005,-0.0138650401371715,0.4502881061698104,-0.0103138000638447,22.81801,22.68128,22.338466666666665,0,6,10,22.91305185053271,21.94700139984175,63.22624086186984,0.6667311072480189,0.7530633256331505,23.292214816404336,22.07034518359566,0.0100311942104651,0.0086944492386809,0.0176367268354152,-2248791.0,1.5344353846410574,0,0,-1,0,0,-0.0022231722958529,-0.597454632045219,0.2061485432642434,0.1380201028333483,0.0175824175824175,0.0381165919282511,0.6935447632644296,0.0180561555075593,0.0
2025-10-07,23.0667,23.15,-0.0072245949396307,-0.0072245949396307,0.003488671899246,1.007292048049239,-0.0036047614910677,22.86468,22.721110000000003,22.45236,1,7,10,22.94098787770858,22.0192400192068,64.99876390605684,0.635131999391966,0.7294770603849137,23.322975069334056,22.11924493066595,0.0101974196866663,0.0087532980425318,0.017714959594789,-2269749.0,1.148396933493364,0,0,-1,0,0,0.0008639308855292,0.3053877258897752,0.20314062261626,0.1389542986330069,0.0188471731448762,0.0357699336778911,0.6728428876817122,0.0073655962924909,0.0
2025-10-08,23.1215,23.0667,-0.0271232724955975,0.0004314994673207,-0.0197634977970974,-1.6490022288435398,0.0023729015511906,22.92683,22.747685,22.567076666666665,2,8,10,22.97380826357975,22.09035356635475,66.88809651736435,0.6075084020757764,0.7050833287230862,23.37170340821385,22.123666591786144,0.0099379539701134,0.0082428302541083,0.0177091035517737,-2265720.0,1.1980896559445604,0,0,-1,0,0,-0.0224002566470279,-0.9476212672158768,0.1939958591389621,0.1308508737101402,0.01055506993007,0.0235281097830899,1.3783995944425191,0.027247367169085,0.0
2025-10-09,23.2201,23.1215,0.0249629778554894,0.0017284449810798,0.0227980062369748,1.6176444050001384,0.0042553623003195,23.00383,22.77969,22.63113,3,9,10,23.01858857929252,22.16324043304154,64.43150217744889,0.5868083369183523,0.6814283303621395,23.43249228295546,22.126887717044536,0.0097865341549213,0.008260773823124,0.0101869821635778,-2245409.0,1.3492906244325968,0,0,-1,0,0,-6.487468373591924e-05,0.6810265605388426,0.0910670860937827,0.1311357190376303,-0.0072637879435657,0.028348095659876,-0.99471704861135,0.0064642271135782,0.0
2025-10-10,23.0,23.2201,-0.0021649716185144,-0.0024880086137865,-0.0034737334105722,-0.6018778995562472,-0.0095240669635358,23.060830000000003,22.79269,22.65913,4,10,10,23.01520883760297,22.21722492123241,59.86155796041725,0.546345227898513,0.6544117098694142,23.452482247685246,22.132897752314754,0.0105535197505376,0.0084911439362976,0.0075953248327107,-2256535.0,0.6284099297235055,0,0,-1,0,0,-0.0064642271135782,-0.2251236985863746,0.1053433764701796,0.1347927312113862,-0.0166737922188969,0.0114335971855761,0.09037854446327,0.0074956521739131,0.0
2025-10-13,23.1,23.0,-0.0026041681383877,0.0048495488842316,0.0008695652721844,-0.2489546662399269,0.0043384015985981,23.09583,22.82219,22.69113,0,13,10,23.030625412584246,22.274178152120644,61.645239426122615,0.5163944133912466,0.6268082505737808,23.48152274053177,22.16285725946823,0.0097681638596492,0.0081389439758569,0.0076040549406618,-2247861.0,0.8427004543288444,0,0,-1,0,0,0.0004347826086957,-0.4011747642599143,0.0954638719238537,0.1292017301688283,-0.0021598272138227,0.0262105730786317,-1.0411245034100272,0.0114718614718613,0.0
2025-10-14,23.4,23.1,0.0138969048441166,0.0053561992005248,0.0103074084137772,-0.2204379686834242,0.0129034048359077,23.17183,22.86219,22.73213,1,14,10,23.09778442847802,22.34681181972576,69.17504687233681,0.5109754628412091,0.6036416930272666,23.56067172157095,22.163708278429045,0.0100901029200008,0.0085329350005887,0.0078905400933612,-2240903.0,1.5399400825848804,0,0,-1,0,0,0.01004329004329,-0.5470010600300924,0.12779142965316,0.1354561437902203,0.0144494010846805,0.0353982300884954,-0.690495798709629,0.0064786324786324,0.0
2025-10-15,23.72,23.4,0.0063231860685044,0.0211424365738091,0.0099126824988439,0.2675028292605464,0.0135825517658689,23.25583,22.92519,22.778796666666665,2,15,10,23.210914532391104,22.43540460554991,74.26344147655628,0.5264338296428441,0.5882001203503822,23.69462117718309,22.155758822816907,0.0103782165982912,0.0087110309672909,0.0081365353058681,-2231811.0,2.065967752723031,0,0,-1,0,0,0.0034188034188034,-0.1690567935323586,0.1483924318191117,0.1382833296146062,0.0258849988106306,0.0560997328584149,-1.04083563946698,0.017706576728499,0.0
2025-10-16,23.9,23.72,0.0177294639775692,0.0079183576893149,0.0091150604596558,-0.0113932983990345,0.0075598848079402,23.30683,22.99869,22.828796666666666,3,16,10,23.336202799229085,22.529894630998303,76.46931719965431,0.5469048141211346,0.5799410591045326,23.84586636242577,22.15151363757423,0.0082738440170695,0.0087182861754159,0.0081950068409949,-2222822.0,2.127797799785692,0,0,-1,0,0,0.0075885328836424,-0.0532406173655603,0.1490049837046342,0.1383985024730575,0.0292806663192664,0.065537226928221,-1.375346318292893,0.0165271966527196,0.0
2025-10-17,23.98,23.9,0.0041753714104805,-0.0037429862788343,0.0065201619147987,-0.986742798836089,0.0033416906619032,23.36583,23.06419,22.88113,4,17,10,23.453256835732887,22.62344981609519,74.24314096499532,0.5630925676112888,0.5765713608058839,24.002075549969955,22.126304450030045,0.0082430487912201,0.0085392291109481,0.008190773753451,-2219471.0,1.952924853206956,0,0,-1,0,0,0.0041841004184101,-1.0393597100047676,0.0759145745555315,0.1355560596946316,0.0426086956521738,0.0577856197617996,0.1913174800645751,0.0062552126772309,0.0
2025-10-20,23.8434,23.98,0.0,0.0,-0.0016785568355788,0.1591261318211493,-0.0057127001214563,23.435170000000003,23.12659,22.932576666666662,0,20,10,23.524191956508723,22.70215627957292,73.47273152843879,0.5584614050453283,0.5729493696537729,24.09859478209801,22.154585217901985,0.0075539845962345,0.0086465107938568,0.0082158821322947,-2223400.0,1.4749104391293382,0,0,-1,0,0,0.0008340283569641,-0.9167964884338944,0.1263421530095657,0.1372591036138858,0.032181818181818,0.0552324809474493,-0.9181883152974024,0.0079686621874397,0.0
2025-10-21,23.92,23.8434,-0.0054313899972068,-0.0020855064910213,-0.0067425455608294,1.4630621386698122,0.0032074796045193,23.5205,23.19259,22.987573333333334,1,21,10,23.59615705532532,22.78072684218112,71.6666666666667,0.5545793100999674,0.5692753577430119,24.192890013732907,22.19228998626709,0.0071932744446461,0.0086264476501038,0.0081889748696516,-2206430.0,1.4543836649276125,0,0,-1,0,0,0.0011156127062416,1.3776295629984514,0.1124316236558887,0.1369406110805539,0.0222222222222223,0.0584070796460176,-0.2545016856032207,0.0125418060200669,0.0
2025-10-22,23.7,23.92,-0.0025167798519674,-0.000417623727097,0.0004227436122987,-0.2477514591833473,-0.0092398809413455,23.57835,23.25259,23.02457333333333,2,22,10,23.615037590720718,22.840034787846854,57.345971563981,0.5276679330333778,0.560953872801085,24.22143462477104,22.283745375228957,0.0082731879824444,0.0089007245540391,0.0081333358413682,-2219676.0,0.9235949471376426,0,0,-1,0,0,-0.0045986622073579,0.6489822363131894,0.1111328691943849,0.1412946219496426,-0.0008431703204047,0.0533333333333332,-0.446314000106716,0.0118143459915612,0.0
2025-10-23,23.58,23.7,-0.0067425455608294,-0.0058651194523981,-0.0153324979785858,-0.5174659723551822,-0.0050761530318606,23.61434,23.309085,23.057906666666668,3,23,10,23.608667119680582,22.887774478953503,54.2600896860986,0.4909975614509108,0.5469626105310502,24.21031316382065,22.407856836179345,0.0085731763342051,0.0090045781814795,0.0082172961154077,-2227571.0,0.6012129022943212,0,0,-1,0,0,-0.0021097046413502,-0.348066084127825,0.0899068871951436,0.1429432471753979,-0.0133891213389121,0.0503293971964489,0.2420593882305496,0.0212044105173876,0.0
2025-10-24,23.5,23.58,0.00379827424358,-0.0025241914959071,0.0068477452191847,0.2539988804590354,-0.0033984739591115,23.66434,23.362585000000003,23.08324,4,24,10,23.58890946155684,22.927272899666185,58.45410628019327,0.4502900331575148,0.5276280950563431,24.16579187058053,22.55937812941947,0.0078903157376797,0.0090711595596263,0.0081933741026682,-2237749.0,0.3421658978108054,0,0,-1,0,0,0.006785411365564,0.0006738749745923,0.0724891865293587,0.1440001937865447,-0.0200166805671393,0.0477039679001338,1.031956146286921,0.0119106382978722,0.0
2025-10-27,23.4654,23.5,-0.0131441366618176,-0.0081162513793735,-0.0116877654231858,-0.0800508953012123,-0.001473425383779,23.70088,23.398355,23.11508666666667,0,27,10,23.56645319581923,22.96199077710708,59.86246475040808,0.4105050462249942,0.5042034852900733,24.14867307283409,22.648036927165915,0.0079272849902939,0.0086582295841645,0.0079322119776651,-2247144.0,0.1787108759002847,0,0,-1,0,0,-0.0029787234042553,-0.1137465555944258,0.0725649071518348,0.1374451336428094,-0.0158534437202747,0.0314461538461539,0.1845528318596964,0.0153673067580353,0.0
2025-10-28,23.43,23.4654,0.0072294595118602,0.002201574229416,-0.0067808898392111,-0.0550256367634785,-0.00150974324663,23.70388,23.437855000000003,23.14275333333333,1,28,10,23.54164352385209,22.992184920519524,57.70518007892498,0.3718324206086336,0.4777292723537854,24.09781286938928,22.777897130610725,0.0068680469545588,0.0085598028915586,0.0079341317467503,-2256036.0,-0.0238045498488314,0,0,-1,0,0,0.0057361050738535,-0.1856436505026766,0.0508400991543736,0.1358826583367746,-0.020484949832776,0.0348939929328622,-1.194010845445423,0.0242936406316688,0.0
2025-10-29,23.32,23.43,0.0,0.0,0.0124789109538488,0.1827525630127381,-0.0047058910374126,23.66388,23.459855,23.17142,2,29,10,23.50134470133353,23.013334280486006,52.48100134108184,0.328521019677197,0.4478876218184677,24.06888242994177,22.85082757005824,0.0050695164428602,0.008409485734068,0.0078903168974818,-2266711.0,-0.4592732383609517,0,0,-1,0,0,0.0072556551429791,0.1119315188318135,0.0270166186623087,0.1334964474377366,-0.0160337552742615,0.0192307692307693,0.0925696858837438,0.0120068610634648,0.0
2025-10-30,23.32,23.32,-0.0068027473227525,-0.0021251378626541,0.0,-0.2081511152281848,0.0,23.605880000000003,23.456355,23.201086666666665,3,30,10,23.468372937454703,23.033119165615943,58.922596475574366,0.2908437566149366,0.4164788487777615,24.06787220714301,22.844837792856985,0.0039768931718341,0.0067509913201797,0.007878789293439,-2266711.0,-0.4459563799914743,0,0,-1,0,0,0.0051457975986278,-0.2296593679163011,0.02915612839308,0.1071686648181081,-0.0110262934690414,-0.0029927319367251,-0.3568872702759587,0.0098584905660377,0.0
2025-10-31,23.31,23.32,-0.0051326032265203,-0.0063855518052545,-0.0004289084346259,-0.0160468559599456,-0.0004289084346259,23.53888,23.452355,23.22242,4,31,10,23.439577857917484,23.050982445253627,56.16486613433526,0.2572123538554436,0.3846255497932979,24.06673957859997,22.837970421400023,0.0035184896030229,0.0067512435463178,0.0076818265098068,-2275242.0,-0.4634068137725482,0,0,-1,0,0,0.0,-0.3029608027846499,0.0291980285702046,0.1071726687839211,-0.0080851063829787,-0.003420265070543,-1.5460033881993422,0.0038610038610038,0.0
2025-11-03,23.25,23.31,0.0157416566884025,0.0123169958070385,-0.0025773210143004,-1.3212870716624732,-0.0025773210143004,23.47954,23.457355,23.24424,0,3,11,23.40510915647794,23.06382228749533,44.8742482230728,0.223145444527006,0.3523295287400395,24.06294370000964,22.851766299990363,0.0033707199737204,0.0063523508228141,0.0076692659388067,-2277518.0,-0.6848047197601258,0,0,-1,0,0,0.0163020163020164,-1.4712256034969171,0.0298842626690573,0.1008404431068168,-0.0091794727556316,0.0043196544276458,-0.9076593702637892,0.0189247311827957,0.0
2025-11-04,23.25,23.25,-0.0187478861373288,-0.0187478861373288,-0.006039707747076,1.5527652691443048,0.0,23.41254,23.46652,23.26590666666667,1,4,11,23.37690749166377,23.07583375281821,29.443666899930207,0.1939118780215132,0.3206459985963343,24.052444150291787,22.88059584970821,0.0028821847608372,0.006288716646113,0.0076700672818591,-2277518.0,-0.7390717719765346,0,0,-1,0,0,0.0,0.3604687671449668,0.0327262106903181,0.0998302818682041,-0.0076824583866836,0.0079465203084965,-1.1343428658474175,0.0060215053763441,0.0
2025-11-05,24.19,23.25,0.0478680801944636,0.0478680801944636,0.0336130346511754,1.1683509270331622,0.0396341925885706,23.461540000000003,23.519945,23.32224,2,5,11,23.52474249317945,23.147715446184783,57.618747372845775,0.2437840196138267,0.3052736027998328,24.16525335868591,22.87463664131409,0.0135797464007609,0.0109458026039683,0.0104496323043302,-2242929.0,2.076697104511353,0,0,-1,0,0,0.0490322580645161,3.419443139075716,0.2928451514263153,0.1737592295406208,0.0373070325900515,0.0462123997145513,2.2170395234928577,0.0202563042579579,0.0
2025-11-06,24.14,24.19,-0.0098888321292473,-0.0064785048432029,0.0062565376143053,-0.4807056953550663,-0.0020691089525504,23.51754,23.56594,23.37857,3,6,11,23.636607494419547,23.211733804495445,54.27076660260514,0.2760908653671912,0.2994370553133045,24.251161293183465,22.880718706816538,0.0134356971649309,0.0109780339926533,0.0104473359153579,-2264317.0,1.6755462963883676,0,0,-1,0,0,-0.0016535758577925,1.5026200935290026,0.2965183113785839,0.1742708869738453,0.0351629502572898,0.0396165391191252,2.217432332203938,0.0075600662800331,0.0
2025-11-07,24.4139,24.14,-0.0020725396019723,0.0109784101660553,0.002076843944839,0.013975202493985,0.011282426559348,23.60893,23.636635,23.4447,4,7,11,23.777933404525086,23.28929291388284,64.18801293210646,0.3201057346569556,0.3035707911820348,24.36631430454011,22.90695569545989,0.0135341484638178,0.0108183624002082,0.0105497610555969,-2242628.0,2.1304290670265966,0,0,-1,0,0,-0.0016570008285003,1.3896559020090438,0.2894519837968292,0.1717361790235374,0.0473573573573575,0.0614739130434782,1.7679281365279829,0.0163841090526297,0.0
2025-11-10,24.54,24.4139,0.0123712918025468,0.001631321732084,0.0062047768868828,0.1350459903507661,0.0051517970540317,23.71639,23.708635,23.50436666666667,0,10,11,23.916490967338703,23.36998369363233,65.0485436893203,0.3610016495175152,0.3150569628491309,24.49716630171854,22.92010369828145,0.0134033597777233,0.0108250958476329,0.0103398639411661,-2217803.0,2.1086417195819767,0,0,-1,0,0,-0.000569347789579,1.5840976141310978,0.274041078533039,0.171843069187648,0.0554838709677418,0.0623376623376621,1.7671923792547777,0.0118174409127954,0.0
2025-11-11,24.68,24.54,0.0065359709797854,0.0081169276815763,0.0110724936845183,0.1807089783352555,0.0056887597544217,23.84139,23.772635,23.572366666666667,1,11,11,24.05531079145894,23.45450087468832,74.74747474747475,0.4000967207100636,0.3320649144213174,24.65757770590661,22.887692294093387,0.0132330873355674,0.0105944446264647,0.0102580072284099,-2188061.0,2.050675131720336,0,0,-1,0,0,0.0008149959250203,1.8672895337987256,0.2623924780304132,0.1681815945628222,0.061505376344086,0.0547008547008547,1.7757838457404242,0.0089141004862236,0.0
2025-11-12,24.72,24.68,0.0016273396593754,0.0,0.0012227431725189,-0.0630736541583368,0.0016194335523029,23.98139,23.822635,23.6337,2,12,11,24.17616337483004,23.536145979547136,80.00000000000003,0.4293581386448508,0.3515235592660241,24.80292143134248,22.84234856865752,0.0128488311072258,0.0102764387898178,0.0101569795217464,-2160137.0,1.8308220359045064,0,0,-1,0,0,-0.0032414910858994,1.4680577094661724,0.0794022859276731,0.1631334084074129,0.0219098801157502,0.042158516020236,0.1988197552549239,0.0076860841423947,0.0
2025-11-13,24.6742,24.72,0.0044615770622015,0.0,0.0050463090741981,-1.161233153909401,-0.0018544692747622,24.11681,23.861345,23.676506666666665,3,13,11,24.266715488497304,23.609568819576356,81.46639511201627,0.4437372194923874,0.3699662913112968,24.91303790990162,22.80965209009838,0.0129565821328589,0.010228557830709,0.0094794538756607,-2168880.0,1.545802947508766,0,0,-1,0,0,-0.0004045307443364,-0.5812602411389863,0.0783180874431882,0.1623733217453913,0.0221292460646229,0.0323933054393306,0.2526730847000331,0.0026667531267477,0.0
2025-11-14,24.55,24.6742,-0.0016200894592533,-0.0028334364230763,-0.0054537240319623,-0.6764735112328859,-0.0050463090741981,24.24081,23.889845,23.715173333333333,4,14,11,24.31822176331597,23.67024179895853,77.73345607036931,0.4400383544072141,0.3839807039304803,24.98506880212327,22.794621197876733,0.01327780921674,0.0103263101245105,0.0095571178168254,-2173325.0,1.2055161670522183,0,0,-1,0,0,-0.0001702182846859,-1.0535093269430318,0.0728929829292229,0.1639250913023005,0.0055746931051572,0.0237698081734778,-0.4166488909766445,0.0052953156822811,0.0
2025-11-17,24.53,24.55,-0.0048760763007358,-0.0012167918759463,-0.0020395683186889,1.5796163085091126,-0.0008149959701316,24.36881,23.924175,23.76117333333333,0,17,11,24.356726897258525,23.725710069993465,78.3505154639176,0.4305302594896929,0.3932906150423229,25.055710277260378,22.79263972273962,0.0131735136127275,0.0102111510233384,0.0093031226467714,-2194897.0,1.0708017897008006,0,0,-1,0,0,0.0,0.7089771700140585,0.0637845235067202,0.1620969972448574,-0.0004074979625101,0.028796228725769,0.4498843910400678,0.006114961271912,0.0
2025-11-18,24.42,24.53,-0.0008149959701316,0.0012167918759463,-0.0036817386649202,0.6417855691619206,-0.0044943895878393,24.48581,23.949175,23.806283333333333,1,18,11,24.368231097756976,23.770502968703564,78.3505154639176,0.4093996408564244,0.3965124202051432,25.10221148524941,22.79613851475059,0.0134530025026823,0.0102867413938723,0.0093228054217664,-2235881.0,0.8166697342593794,0,0,-1,0,0,0.0,2.2866723911018143,0.0433633043848129,0.1632969571765217,-0.0105348460291733,0.0209030100334448,0.3271470787661447,0.0110565110565111,0.0
2025-11-19,24.37,24.42,-0.0065439906332831,-0.0073271428848316,-0.0098847592325419,0.135113075907595,-0.0020496010454437,24.50381,23.982675,23.8479,2,19,11,24.368552716346613,23.80918019652914,76.38190954773873,0.3841901859060712,0.3940479733453288,25.14413079225769,22.821219207742303,0.0051952590631712,0.0100317035273644,0.009350670009178,-2282794.0,0.6669646879062002,0,0,-1,0,0,-0.002047502047502,2.2705453783759846,0.0288594174851624,0.159248356558415,-0.0141585760517798,0.0282700421940929,-0.3448543286367266,0.0135371358227328,0.0
2025-11-20,24.53,24.37,-0.000821018108516,0.0050749125300342,0.0037182443168778,0.3711393505164261,0.0065439906332831,24.54281,24.030175,23.891563333333337,3,20,11,24.39790676791996,23.855684699978877,78.50467289719636,0.3728244854645552,0.3898032757691742,25.19996539035588,22.86038460964412,0.0053880966003781,0.0099716553571658,0.00938100315695,-2214799.0,0.8545548059220127,0,0,-1,0,0,-0.0008206811653672,2.814204888563843,0.0738826631275686,0.1582951214082351,-0.0058441611075535,0.0402883799830366,1.5139781427860448,0.014859355890746,0.0
2025-11-21,24.5,24.53,0.0069572615394117,-0.0005892572481508,0.0061665149156639,-0.5358688137707548,-0.0012237407197166,24.55142,24.080175000000004,23.941563333333335,4,21,11,24.416469173752688,23.897253429012498,79.62085308056872,0.3572778599281605,0.3832981926009715,25.23999307988219,22.92035692011782,0.0042017313146977,0.0099213092622425,0.0091548839888873,-2254587.0,0.7239497422606861,0,0,-1,0,0,-0.0004076640847941,1.017851047880329,0.0658182410589477,0.1574959019283325,-0.0020366598778004,0.0425531914893617,1.5484520142867173,0.0081632653061225,0.0
2025-11-24,24.53,24.5,-0.0008159935173293,-0.0011144418979616,0.0012328462899908,-0.4332296278036944,0.0012237407197166,24.55042,24.133405,23.989230000000003,0,24,11,24.43711114216129,23.93807578843105,79.90654205607478,0.3434190751355039,0.375322369107878,25.27194709357523,22.99486290642477,0.0038729386022107,0.0098880208744794,0.0091467604937947,-2228788.0,0.6966716509437462,0,0,-1,0,0,0.0,0.1488548174715815,0.0665978735944225,0.1569674651549276,0.0,0.0453689261636283,1.0313582843315925,0.0058092132083164,0.0
2025-11-25,24.49,24.53,0.0,0.0011144418979617,-4.093319497899823e-06,0.4790376633439529,-0.0016319873063216,24.53142,24.186405,24.02556333333333,1,25,11,24.44672729813196,23.973683802080657,62.09677419354826,0.3254565619773224,0.3653492076817669,25.285066613486126,23.087743386513875,0.0033204589147281,0.0098905106778342,0.008930500674012,-2270441.0,0.5526633428771054,0,0,-1,0,0,-0.0012229922543824,0.9919333619386144,0.0568401019551587,0.1570069895578704,0.0028665028665026,0.0452411438326931,1.635979912187119,0.0069416088199265,0.0
2025-11-26,24.49,24.49,0.0,-0.0008133388004285,-0.0004094165870903,0.0114104169338711,0.0,24.50842,24.244905,24.05123,2,26,11,24.45459506210797,24.006994524527062,64.70588235294107,0.3076744612183191,0.3538142583890774,25.271559215298435,23.218250784701564,0.0032292315998214,0.0097717497290463,0.008634715168158,-2270441.0,0.4774635828651477,0,0,-1,0,0,0.0004083299305839,0.923327738373169,0.0525814512519478,0.1551217179421166,0.0049240869922033,0.0501715265866209,1.6496972104792356,0.0065332788893424,0.0
2025-11-28,24.32,24.49,-0.000408246586605,-0.0028519065978673,-0.0041034115845924,2.0115697554478547,-0.00696581386611,24.473000000000003,24.294905,24.06523,4,28,11,24.43012323263379,24.027188426170483,45.67719362857925,0.276675100666754,0.3383864268446127,25.224735733832524,23.36507426616748,0.0037498635102886,0.0099859655695033,0.0086657130125511,-2585372.0,0.0539775662104975,0,0,-1,0,0,0.0,4.117021873332525,0.0496623816914501,0.1585222889865568,-0.0085609457806767,0.0428816466552315,-1.5284151317916883,0.0078125,0.0
2025-12-01,24.5,24.32,-0.0061437834046951,0.0014758585691828,0.0008220304614148,-1.7710097440772945,0.007374060452715,24.468,24.354405,24.082563333333333,0,1,12,24.442828099427643,24.057692398675616,48.24561403508776,0.2635938341301553,0.3234279083017213,25.16330298582657,23.54550701417343,0.0044260486102493,0.0100330060587562,0.0087410485344179,-2531783.0,0.3599835889101013,0,0,-1,0,0,0.0008223684210526,0.1441813430008104,0.0821508659682676,0.1592690336032406,0.0,0.0510510510510511,0.195452018179856,0.0084163265306122,0.0
2025-12-02,24.51,24.5,0.0081833517233842,0.0034081560232423,0.0045091283614997,-1.3159923765657624,0.0004080799893399,24.466,24.417405,24.104783333333334,1,2,12,24.45504117225898,24.086873534244933,41.584158415841685,0.2511387810415932,0.3089700828496957,25.038629625787497,23.7961803742125,0.0044239193829428,0.0099750034741609,0.0086564126867337,-2517410.0,0.2981047310628564,0,0,-1,0,0,0.0016326530612244,-0.4624680356979807,0.0815935332385868,0.1583482711178103,-0.0008153281695882,0.0541935483870967,0.353078101070906,0.00734394124847,0.0
